iteration,Episode_Reward/action_rate,Episode_Reward/failure,Episode_Reward/lane,Episode_Reward/loaded_slip,Episode_Reward/upright,Episode_Reward/velocity,Episode_Termination/fallen,Episode_Termination/invalid_contact,Episode_Termination/time_out,Loss/entropy,Loss/learning_rate,Loss/surrogate,Loss/value,Perf/collection_time,Perf/learning_time,Perf/total_fps,Policy/mean_std,Train/mean_episode_length,Train/mean_reward,reward/action_rate,reward/failure,reward/lane,reward/loaded_slip,reward/upright,reward/velocity
0,,,,,,,,,,-72.3326187133789,9.999999747378752e-06,-0.06830553710460663,0.10188086330890656,5.955647945404053,0.01630115509033203,32.0,0.01997361145913601,,,-0.00021404324797913432,0.0,0.9925451278686523,-0.4132869243621826,0.9997413754463196,0.1480124145746231
1,,,,,,,,,,-72.33250427246094,9.999999747378752e-06,-0.03534334897994995,0.07250180840492249,6.525696754455566,0.0367276668548584,29.0,0.019984502345323563,,,-0.00023183603479992598,0.0,0.8568148016929626,-1.2895199060440063,0.9995145201683044,0.5364148020744324
2,,,,,,,,,,-72.30655670166016,9.999999747378752e-06,-0.03734128549695015,0.06936193257570267,6.487004280090332,0.023382902145385742,29.0,0.02001388557255268,,,-0.0002220722526544705,0.0,0.6579394340515137,-1.4979435205459595,0.9996493458747864,0.5750613808631897
3,,,,,,,,,,-72.26768493652344,9.999999747378752e-06,-0.032338764518499374,0.09919805079698563,6.85514497756958,0.01524806022644043,27.0,0.02003190480172634,,,-0.0002289920230396092,0.0,0.6032998561859131,-0.532080352306366,0.9994466304779053,0.6391599178314209
4,,,,,,,,,,-72.26470947265625,9.999999747378752e-06,-0.04037025198340416,0.10359451919794083,7.274582862854004,0.01578211784362793,26.0,0.020017268136143684,,,-0.00022590493608731776,0.0,0.5956631302833557,-0.7615039944648743,0.9994904398918152,0.6731206774711609
5,,,,,,,,,,-72.29147338867188,9.999999747378752e-06,-0.035733502358198166,0.11893367022275925,7.648866176605225,0.015917062759399414,25.0,0.02000022493302822,,,-0.00023491027241107076,0.0,0.5735436081886292,-0.455756813287735,0.9996219277381897,0.7991722226142883
6,,,,,,,,,,-72.31010437011719,9.999999747378752e-06,-0.02505764551460743,0.12708434462547302,7.943378925323486,0.016231775283813477,24.0,0.019991610199213028,,,-0.0002319569612154737,0.0,0.5454702377319336,-0.20866155624389648,0.9996728897094727,0.8753337264060974
7,,,,,,,,,,-72.31059265136719,9.999999747378752e-06,-0.024851640686392784,0.137128546833992,7.978938102722168,0.020592927932739258,24.0,0.020002255216240883,,,-0.0002260760375065729,0.0,0.4954858720302582,-0.2705453932285309,0.9997178912162781,0.9105846285820007
8,,,,,,,,,,-72.29405975341797,9.999999747378752e-06,-0.03372185304760933,0.12330556660890579,8.336054801940918,0.021011829376220703,22.0,0.020012034103274345,208.5,9.472843170166016,-0.00023148446052800864,0.0,0.5037540197372437,-0.12408170104026794,0.999784529209137,0.9040034413337708
9,,,,,,,,,,-72.28577423095703,9.999999747378752e-06,-0.0396927073597908,0.16097992658615112,8.204671859741211,0.017892837524414062,23.0,0.020013954490423203,208.5,9.472843170166016,-0.00022296677343547344,0.0,0.5755441188812256,-0.03451209142804146,0.9997819066047668,0.9302012324333191
10,,,,,,,,,,-72.2904052734375,9.999999747378752e-06,-0.03632061555981636,0.16000869870185852,8.083491325378418,0.015474081039428711,23.0,0.020006421953439713,228.0,9.187692642211914,-0.00023625603353139013,0.0,0.684093177318573,-0.01348732877522707,0.9998107552528381,0.9809377193450928
11,,,,,,,,,,-72.29485321044922,9.999999747378752e-06,-0.03652231767773628,0.1538556069135666,7.851457118988037,0.015556812286376953,24.0,0.02001168206334114,243.3333282470703,9.198744773864746,-0.00023359060287475586,0.0,0.8135037422180176,-0.013353549875319004,0.9998603463172913,0.8470969796180725
12,,,,,,,,,,-72.29558563232422,9.999999747378752e-06,-0.03185369819402695,0.1495904177427292,7.558938026428223,0.015174150466918945,25.0,0.020001940429210663,243.3333282470703,9.198744773864746,-0.00022336654365062714,0.0,0.8738082051277161,-0.2553834617137909,0.9997973442077637,0.7763230204582214
13,,,,,,,,,,-72.31878662109375,1.4999999621068127e-05,-0.03290607035160065,0.12542957067489624,7.144288063049316,0.014998674392700195,26.0,0.019987601786851883,254.0,9.615575790405273,-0.00023491781030315906,0.0,0.870058000087738,-0.2601190507411957,0.9996468424797058,0.6734840869903564
14,,,,,,,,,,-72.33702850341797,1.4999999621068127e-05,-0.03682783991098404,0.06821877509355545,6.7975568771362305,0.015185832977294922,28.0,0.019982272759079933,254.0,9.615575790405273,-0.0002340350765734911,0.0,0.8420381546020508,-0.8347525596618652,0.9996271133422852,0.584453821182251
15,,,,,,,,,,-72.33992004394531,9.999999747378752e-06,-0.04505667835474014,0.07145839929580688,6.556934833526611,0.01518106460571289,29.0,0.019985100254416466,268.875,9.831443786621094,-0.0002322635700693354,0.0,0.8407208323478699,-1.1411951780319214,0.9995819926261902,0.6241758465766907
16,,,,,,,,,,-72.33047485351562,1.4999999621068127e-05,-0.03163838014006615,0.08893526345491409,6.395453929901123,0.015032052993774414,29.0,0.020003773272037506,268.875,9.831443786621094,-0.00022777974663767964,0.0,0.7841137051582336,-1.38649320602417,0.999554455280304,0.6967318058013916
17,,,,,,,,,,-72.30213928222656,1.4999999621068127e-05,-0.03952034190297127,0.05503760650753975,6.379091262817383,0.015072107315063477,30.0,0.020017528906464577,268.875,9.831443786621094,-0.0002159479190595448,0.0,0.6072689890861511,-1.567075252532959,0.999507486820221,0.658062219619751
18,,,,,,,,,,-72.29041290283203,9.999999747378752e-06,-0.04033707082271576,0.04299459978938103,6.702553749084473,0.023036956787109375,28.0,0.020023321732878685,268.875,9.831443786621094,-0.0002327405527466908,0.0,0.4389517307281494,-1.454032301902771,0.9995551109313965,0.514198899269104
19,,,,,,,,,,-72.28612518310547,1.4999999621068127e-05,-0.02858622372150421,0.035272322595119476,6.476613998413086,0.015197992324829102,29.0,0.020020978525280952,268.875,9.831443786621094,-0.00023468340805266052,0.0,0.29253068566322327,-1.2839646339416504,0.9995504021644592,0.5425431728363037
20,,,,,,,,,,-72.2773208618164,9.999999747378752e-06,-0.04397851973772049,0.03563268482685089,6.6968584060668945,0.015448808670043945,28.0,0.020041732117533684,268.875,9.831443786621094,-0.00023421210062224418,0.0,0.1920812726020813,-0.757034957408905,0.9994154572486877,0.5931054949760437
21,,,,,,,,,,-72.24059295654297,9.999999747378752e-06,-0.02693529799580574,0.04473045468330383,7.207525730133057,0.01533818244934082,26.0,0.02007276937365532,268.875,9.831443786621094,-0.00022166005510371178,0.0,0.13148801028728485,-0.7802042961120605,0.9995119571685791,0.6978340148925781
22,,,,,,,,,,-72.20703887939453,9.999999747378752e-06,-0.0344889834523201,0.04294038936495781,7.615324974060059,0.015319108963012695,25.0,0.020079365000128746,268.875,9.831443786621094,-0.00023693086404819041,0.0,0.07918085902929306,-0.4042241871356964,0.9996280670166016,0.8178005814552307
23,,,,,,,,,,-72.20848083496094,9.999999747378752e-06,-0.0274612195789814,0.04923181235790253,7.66158390045166,0.015320062637329102,25.0,0.020077448338270187,268.875,9.831443786621094,-0.00022740174608770758,0.0,0.033526938408613205,-0.40521931648254395,0.9996926188468933,0.8670516014099121
24,,,,,,,,,,-72.20513916015625,9.999999747378752e-06,-0.0327090248465538,0.0353923961520195,7.808182716369629,0.015175342559814453,24.0,0.020087290555238724,268.875,9.831443786621094,-0.00023294264974538237,0.0,0.0062846411019563675,-0.0793735682964325,0.9997654557228088,0.923576295375824
25,,,,,,,,,,-72.17793273925781,9.999999747378752e-06,-0.028172731399536133,0.05721726641058922,7.838409900665283,0.01510310173034668,24.0,0.02011675201356411,295.1000061035156,10.291162490844727,-0.0002290823613293469,0.0,0.16333292424678802,-0.1263529509305954,0.9997715353965759,0.8957040905952454
26,,,,,,,,,,-72.14844512939453,1.4999999621068127e-05,-0.03864899277687073,0.0637148916721344,8.294915199279785,0.02338385581970215,23.0,0.020128639414906502,304.6363525390625,10.460110664367676,-0.00022987504780758172,0.0,0.2617751657962799,-0.012624349445104599,0.999765932559967,0.962835967540741
27,-0.00022915724548511207,0.0,0.43572303652763367,-0.6435344219207764,0.9996461272239685,0.7385304570198059,0.0,0.0,1.0,-72.1374282836914,9.999999747378752e-06,-0.03508555889129639,0.08995424956083298,8.047901153564453,0.01534414291381836,23.0,0.02013048157095909,319.30767822265625,10.73410701751709,-0.00022646547586191446,0.0,0.5060014128684998,-0.014370755292475224,0.9998133778572083,0.9500088691711426
28,,,,,,,,,,-72.14994049072266,1.4999999621068127e-05,-0.03646959736943245,0.10026934742927551,7.742250919342041,0.015272855758666992,24.0,0.02010795660316944,325.0714416503906,10.884207725524902,-0.00023118879471439868,0.0,0.7177860140800476,-0.08271824568510056,0.9998474717140198,0.8230485320091248
29,,,,,,,,,,-72.18519592285156,9.999999747378752e-06,-0.03130120411515236,0.047307517379522324,7.529573917388916,0.01528477668762207,25.0,0.020092962309718132,330.0666809082031,10.959656715393066,-0.00024226290406659245,0.0,0.7571158409118652,-0.2608940303325653,0.9997145533561707,0.7165787220001221
30,,,,,,,,,,-72.19667053222656,1.4999999621068127e-05,-0.028926335275173187,0.052384890615940094,7.020583152770996,0.015111923217773438,27.0,0.020095661282539368,330.0666809082031,10.959656715393066,-0.00023853474704083055,0.0,0.8678889870643616,-0.4315814971923828,0.9997243881225586,0.642212986946106
31,,,,,,,,,,-72.1913070678711,9.999999747378752e-06,-0.04004059359431267,0.04221050441265106,6.619473457336426,0.015489816665649414,28.0,0.020098330453038216,330.0666809082031,10.959656715393066,-0.0002374888426857069,0.0,0.8352542519569397,-0.8303400874137878,0.9994962811470032,0.6167658567428589
32,,,,,,,,,,-72.19786071777344,1.4999999621068127e-05,-0.0330815464258194,0.049394771456718445,6.546948432922363,0.015803813934326172,29.0,0.02007930912077427,334.4375,11.020618438720703,-0.0002288096584379673,0.0,0.8427212238311768,-1.1884766817092896,0.9995293617248535,0.6225424408912659
33,,,,,,,,,,-72.23912048339844,1.4999999621068127e-05,-0.03637044504284859,0.055657532066106796,6.322948455810547,0.015175104141235352,30.0,0.020047573372721672,334.4375,11.020618438720703,-0.0002294100122526288,0.0,0.7312319874763489,-1.7916454076766968,0.9996442794799805,0.6721446514129639
34,,,,,,,,,,-72.28130340576172,9.999999747378752e-06,-0.03719935193657875,0.02832719311118126,6.4642720222473145,0.01598381996154785,29.0,0.020030690357089043,334.4375,11.020618438720703,-0.00023099548707250506,0.0,0.5471787452697754,-1.1591501235961914,0.9995403289794922,0.6354432702064514
35,,,,,,,,,,-72.27778625488281,1.4999999621068127e-05,-0.03925540670752525,0.041784267872571945,6.260122299194336,0.015542984008789062,30.0,0.02005952224135399,334.4375,11.020618438720703,-0.00022945851378608495,0.0,0.38184165954589844,-1.5963932275772095,0.9995052218437195,0.5149872303009033
36,,,,,,,,,,-72.22618865966797,9.999999747378752e-06,-0.039324499666690826,0.037950124591588974,6.60739803314209,0.015154123306274414,28.0,0.02009592391550541,334.4375,11.020618438720703,-0.00023900804808363318,0.0,0.26879793405532837,-1.0990577936172485,0.9994773864746094,0.5482697486877441
37,,,,,,,,,,-72.17113494873047,9.999999747378752e-06,-0.03942374140024185,0.02584625408053398,6.819689750671387,0.015224695205688477,28.0,0.02013968862593174,334.4375,11.020618438720703,-0.0002269632532261312,0.0,0.18020908534526825,-0.6754224300384521,0.9995102882385254,0.602546751499176
38,,,,,,,,,,-72.12223815917969,1.4999999621068127e-05,-0.0294434055685997,0.02947559393942356,7.286096096038818,0.015096902847290039,26.0,0.02016083337366581,334.4375,11.020618438720703,-0.00023239600704982877,0.0,0.11975664645433426,-0.5571348667144775,0.9994964599609375,0.7507209181785583
39,,,,,,,,,,-72.10049438476562,1.4999999621068127e-05,-0.03033987060189247,0.023602813482284546,7.6075334548950195,0.014962196350097656,25.0,0.02017018385231495,334.4375,11.020618438720703,-0.00022749672643840313,0.0,0.06618860363960266,-0.4467494785785675,0.9996315836906433,0.8566765189170837
40,,,,,,,,,,-72.09664916992188,1.4999999621068127e-05,-0.033698827028274536,0.016202706843614578,7.703831672668457,0.015041112899780273,24.0,0.020160289481282234,334.4375,11.020618438720703,-0.00022682717826683074,0.0,0.025821097195148468,-0.24315710365772247,0.9997008442878723,0.8760769367218018
41,,,,,,,,,,-72.11038208007812,9.999999747378752e-06,-0.030681833624839783,0.024399150162935257,7.804825782775879,0.015378952026367188,24.0,0.020157014951109886,338.29412841796875,11.110934257507324,-0.00023187017359305173,0.0,0.026894904673099518,-0.15837301313877106,0.9997757077217102,0.9104011058807373
42,,,,,,,,,,-72.10029602050781,1.4999999621068127e-05,-0.03956693783402443,0.056125640869140625,8.010271072387695,0.014912128448486328,23.0,0.020176788792014122,341.72222900390625,11.170463562011719,-0.00023679227160755545,0.0,0.22621184587478638,-0.045603323727846146,0.999772846698761,0.9073427319526672
43,,,,,,,,,,-72.08439636230469,1.4999999621068127e-05,-0.02100469172000885,0.048905689269304276,8.37128734588623,0.017308950424194336,22.0,0.020165203139185905,347.54998779296875,11.267589569091797,-0.00023866228002589196,0.0,0.34039008617401123,-0.014938987791538239,0.9997931122779846,0.9819417595863342
44,,,,,,,,,,-72.1279296875,1.4999999621068127e-05,-0.026998134329915047,0.049833908677101135,7.972857475280762,0.015406131744384766,24.0,0.020121464505791664,352.31817626953125,11.377656936645508,-0.0002287966781295836,0.0,0.5640006065368652,-0.007120202761143446,0.9998372197151184,0.8964242935180664
45,,,,,,,,,,-72.17002868652344,2.2500000341096893e-05,-0.035355448722839355,0.05479327216744423,7.6442108154296875,0.015237808227539062,25.0,0.020107224583625793,352.31817626953125,11.377656936645508,-0.00022982759401202202,0.0,0.7482827305793762,-0.1439182609319687,0.9998261332511902,0.8137547373771667
46,,,,,,,,,,-72.18608093261719,9.999999747378752e-06,-0.04519270360469818,0.04800289124250412,7.370038986206055,0.015440225601196289,25.0,0.020110195502638817,354.39129638671875,11.409189224243164,-0.00023923847766127437,0.0,0.7968502640724182,-0.3253892958164215,0.9996633529663086,0.6783519387245178
47,,,,,,,,,,-72.1893310546875,1.4999999621068127e-05,-0.033096276223659515,0.0415557399392128,6.860713005065918,0.015347003936767578,27.0,0.02009793184697628,354.39129638671875,11.409189224243164,-0.00023798784241080284,0.0,0.8565506935119629,-0.6573729515075684,0.9997258186340332,0.5970653891563416
48,,,,,,,,,,-72.22010040283203,1.4999999621068127e-05,-0.038941070437431335,0.06686511635780334,6.601227760314941,0.015410900115966797,29.0,0.02007388323545456,356.2916564941406,11.452004432678223,-0.00023676965793129057,0.0,0.8253746628761292,-0.9002761840820312,0.9995474815368652,0.6443074345588684
49,,,,,,,,,,-72.243408203125,1.4999999621068127e-05,-0.03047214448451996,0.05363466590642929,6.566886901855469,0.015210866928100586,29.0,0.020067621022462845,356.2916564941406,11.452004432678223,-0.00023872176825534552,0.0,0.8112342953681946,-1.2785173654556274,0.9994838833808899,0.667000949382782
50,,,,,,,,,,-72.27378845214844,1.4999999621068127e-05,-0.03759651258587837,0.0727839320898056,6.392426013946533,0.014995336532592773,29.0,0.020029377192258835,356.2916564941406,11.452004432678223,-0.0002332354779355228,0.0,0.6625604629516602,-1.893807291984558,0.9995934367179871,0.6465643048286438
51,,,,,,,,,,-72.33171081542969,1.4999999621068127e-05,-0.03835200518369675,0.05783119425177574,6.527842044830322,0.017529010772705078,29.0,0.020001161843538284,356.2916564941406,11.452004432678223,-0.00023361451167147607,0.0,0.4927051067352295,-1.5737134218215942,0.9996063113212585,0.551550030708313
52,,,,,,,,,,-72.35730743408203,9.999999747378752e-06,-0.045233506709337234,0.052560605108737946,6.310194969177246,0.01689910888671875,30.0,0.019990773871541023,356.2916564941406,11.452004432678223,-0.00023911248717922717,0.0,0.32007768750190735,-0.9921030402183533,0.9995166659355164,0.5579909682273865
53,,,,,,,,,,-72.3907699584961,1.4999999621068127e-05,-0.03303975984454155,0.05079488828778267,6.72066593170166,0.01561594009399414,28.0,0.019944295287132263,356.2916564941406,11.452004432678223,-0.00023354811128228903,0.0,0.2212095707654953,-1.10293447971344,0.9994044303894043,0.5645328164100647
54,,,,,,,,,,-72.47928619384766,1.4999999621068127e-05,-0.04290866479277611,0.038609471172094345,7.00075626373291,0.015054702758789062,27.0,0.019887493923306465,356.2916564941406,11.452004432678223,-0.00022598110081162304,0.0,0.1581529974937439,-0.682209312915802,0.9995183348655701,0.6399335861206055
55,,,,,,,,,,-72.53361511230469,9.999999747378752e-06,-0.03664033114910126,0.030110642313957214,7.4216108322143555,0.015317201614379883,25.0,0.01988109014928341,356.2916564941406,11.452004432678223,-0.00022435311984736472,0.0,0.10367248207330704,-0.4557403028011322,0.9995677471160889,0.7957141995429993
56,,,,,,,,,,-72.52304077148438,1.4999999621068127e-05,-0.02809794992208481,0.015965543687343597,7.654642105102539,0.015269041061401367,25.0,0.019903574138879776,356.2916564941406,11.452004432678223,-0.00023269193479791284,0.0,0.047148868441581726,-0.2958256006240845,0.999642550945282,0.8689215779304504
57,,,,,,,,,,-72.50274658203125,1.4999999621068127e-05,-0.0284552164375782,0.019037915393710136,7.811347961425781,0.015192031860351562,24.0,0.019901327788829803,356.2916564941406,11.452004432678223,-0.00022941851057112217,0.0,0.010523729026317596,-0.2970244586467743,0.9997389912605286,0.9003028869628906
58,,,,,,,,,,-72.54022979736328,2.2500000341096893e-05,-0.034600868821144104,0.050090160220861435,7.787790298461914,0.015172958374023438,24.0,0.019844798371195793,359.6538391113281,11.521780014038086,-0.00023937075457070023,0.0,0.08057934045791626,-0.09179959446191788,0.9997773170471191,0.9019889235496521
59,,,,,,,,,,-72.62596893310547,9.999999747378752e-06,-0.03384005278348923,0.03067854605615139,8.111845970153809,0.017091035842895508,23.0,0.01980443298816681,359.6538391113281,11.521780014038086,-0.00021944839681964368,0.0,0.2512296438217163,-0.04312467575073242,0.9997596144676208,0.9294818043708801
60,,,,,,,,,,-72.67707824707031,1.4999999621068127e-05,-0.023705845698714256,0.0729641318321228,8.107887268066406,0.015364885330200195,23.0,0.019771279767155647,362.53570556640625,11.53071117401123,-0.00022770131181459874,0.0,0.42260289192199707,-0.01469021663069725,0.9998025894165039,0.9808555245399475
61,,,,,,,,,,-72.69886016845703,2.2500000341096893e-05,-0.02369731478393078,0.09433434903621674,7.862160682678223,0.01517796516418457,24.0,0.019779810681939125,365.0333251953125,11.598196029663086,-0.00023592199431732297,0.0,0.6460184454917908,-0.01291754562407732,0.9998528957366943,0.8470497131347656
62,,,,,,,,,,-72.69068145751953,9.999999747378752e-06,-0.03897809609770775,0.04035131633281708,7.573276996612549,0.015355110168457031,25.0,0.019786786288022995,365.0333251953125,11.598196029663086,-0.00021868546900805086,0.0,0.7472830414772034,-0.31244340538978577,0.9997937679290771,0.7762435078620911
63,,,,,,,,,,-72.68641662597656,1.4999999621068127e-05,-0.03164840489625931,0.06719842553138733,7.1862359046936035,0.015127182006835938,26.0,0.019787956029176712,366.1612854003906,11.620275497436523,-0.00022844853810966015,0.0,0.8385975956916809,-0.2689675986766815,0.9996433854103088,0.6702980399131775
64,,,,,,,,,,-72.71454620361328,9.999999747378752e-06,-0.045456819236278534,0.04839077591896057,6.791583061218262,0.015288829803466797,28.0,0.01974109187722206,366.1612854003906,11.620275497436523,-0.00021778116934001446,0.0,0.8467811942100525,-0.8513236045837402,0.9996176362037659,0.5824272632598877
65,,,,,,,,,,-72.7859878540039,2.2500000341096893e-05,-0.026424288749694824,0.06585171818733215,6.539068222045898,0.015036821365356445,29.0,0.01968538947403431,367.21875,11.639425277709961,-0.00023198565759230405,0.0,0.8455216884613037,-1.0976492166519165,0.9995713233947754,0.6250455975532532
66,,,,,,,,,,-72.87552642822266,1.4999999621068127e-05,-0.04476630315184593,0.060591213405132294,6.396296501159668,0.01561594009399414,29.0,0.019640231505036354,367.21875,11.639425277709961,-0.00022824853658676147,0.0,0.7792239189147949,-1.3449937105178833,0.9995471835136414,0.6929037570953369
67,,,,,,,,,,-72.91749572753906,9.999999747378752e-06,-0.039108894765377045,0.03966018557548523,6.382175922393799,0.01599287986755371,30.0,0.019627811387181282,367.21875,11.639425277709961,-0.0002160224103135988,0.0,0.599170446395874,-1.4843064546585083,0.9995220303535461,0.6461671590805054
68,,,,,,,,,,-72.94108581542969,1.4999999621068127e-05,-0.03360592573881149,0.0723198801279068,6.503559112548828,0.017522335052490234,29.0,0.019615299999713898,367.21875,11.639425277709961,-0.00022068472753744572,0.0,0.43557193875312805,-1.5629997253417969,0.9995614886283875,0.5096450448036194
69,,,,,,,,,,-72.93687438964844,1.4999999621068127e-05,-0.036955028772354126,0.08282055705785751,6.480561256408691,0.015375852584838867,29.0,0.01964249275624752,367.21875,11.639425277709961,-0.00022008747328072786,0.0,0.29626157879829407,-1.2580877542495728,0.999548614025116,0.5470742583274841
70,,,,,,,,,,-72.91619873046875,1.4999999621068127e-05,-0.03858581557869911,0.032170988619327545,6.713850021362305,0.014999151229858398,28.0,0.019628169015049934,367.21875,11.639425277709961,-0.00023840706853661686,0.0,0.2013770490884781,-0.6138832569122314,0.9994205832481384,0.5923129916191101
71,,,,,,,,,,-72.9665298461914,9.999999747378752e-06,-0.0389939621090889,0.031689684838056564,7.29057502746582,0.015192031860351562,26.0,0.01959058828651905,367.21875,11.639425277709961,-0.00022831844398751855,0.0,0.14165885746479034,-0.6223535537719727,0.9995012283325195,0.6953135132789612
72,,,,,,,,,,-72.99456024169922,2.2500000341096893e-05,-0.030650917440652847,0.01886560581624508,7.575249671936035,0.015160083770751953,25.0,0.019586823880672455,367.21875,11.639425277709961,-0.000235535015235655,0.0,0.08794444054365158,-0.35565200448036194,0.9996159076690674,0.8193174004554749
73,,,,,,,,,,-73.00231170654297,9.999999747378752e-06,-0.0468306690454483,0.026774445548653603,7.6534881591796875,0.016814231872558594,25.0,0.019578812643885612,367.21875,11.639425277709961,-0.00023204454919323325,0.0,0.04115644842386246,-0.3295994699001312,0.9997031092643738,0.867379903793335
74,,,,,,,,,,-73.01180267333984,1.4999999621068127e-05,-0.02959543466567993,0.0062212166376411915,7.826938629150391,0.015290975570678711,24.0,0.01957082562148571,367.21875,11.639425277709961,-0.00023238790163304657,0.0,0.008162178099155426,-0.09741664677858353,0.999779462814331,0.9231769442558289
75,,,,,,,,,,-73.0454330444336,1.4999999621068127e-05,-0.031666018068790436,0.06664104014635086,7.925299644470215,0.015354156494140625,24.0,0.019539058208465576,369.1470642089844,11.671209335327148,-0.0002245967771159485,0.0,0.16338403522968292,-0.17141421139240265,0.9997787475585938,0.8963570594787598
76,,,,,,,,,,-73.0622329711914,9.999999747378752e-06,-0.03239517658948898,0.01702682115137577,8.305517196655273,0.017062902450561523,23.0,0.01954391971230507,370.028564453125,11.703145980834961,-0.00022280604753177613,0.0,0.2618061304092407,-0.01202384103089571,0.9997739195823669,0.9628896117210388
77,-0.00022644340060651302,0.0,0.4320038855075836,-0.6447208523750305,0.9996463060379028,0.7380020022392273,0.0,0.0,1.0,-73.06742095947266,2.2500000341096893e-05,-0.02742648683488369,0.06800738722085953,8.097472190856934,0.01526498794555664,23.0,0.01952354982495308,371.6486511230469,11.729876518249512,-0.00021586423099506646,0.0,0.5061562657356262,-0.013978260569274426,0.9998227953910828,0.9489914774894714
78,,,,,,,,,,-73.12263488769531,1.4999999621068127e-05,-0.035163044929504395,0.08980094641447067,7.693626403808594,0.015224695205688477,24.0,0.019478924572467804,372.3947448730469,11.741189956665039,-0.0002177031710743904,0.0,0.7180759906768799,-0.09187403321266174,0.9998572468757629,0.822591245174408
79,,,,,,,,,,-73.14720916748047,1.4999999621068127e-05,-0.0303698368370533,0.055589061230421066,7.51676082611084,0.015316963195800781,25.0,0.019494889304041862,373.1025695800781,11.773213386535645,-0.00022351618099492043,0.0,0.7574872374534607,-0.26634547114372253,0.9997236132621765,0.7195518612861633
80,,,,,,,,,,-73.12578582763672,1.4999999621068127e-05,-0.04632371664047241,0.07811708748340607,7.047199249267578,0.015146970748901367,27.0,0.01950269378721714,373.1025695800781,11.773213386535645,-0.0002232743863714859,0.0,0.8665536046028137,-0.47906914353370667,0.9997193217277527,0.6447402238845825
81,,,,,,,,,,-73.12110137939453,9.999999747378752e-06,-0.0402010977268219,0.047531720250844955,6.649664878845215,0.015739917755126953,28.0,0.019497795030474663,373.1025695800781,11.773213386535645,-0.00022288347827270627,0.0,0.8326389789581299,-0.8930864334106445,0.9995071291923523,0.6171846389770508
82,,,,,,,,,,-73.13888549804688,1.4999999621068127e-05,-0.029005639255046844,0.09510260820388794,6.597945213317871,0.015580892562866211,29.0,0.019470449537038803,373.7749938964844,11.79013442993164,-0.0002151069784304127,0.0,0.8431974053382874,-1.3548468351364136,0.9995272755622864,0.6205628514289856
83,,,,,,,,,,-73.16537475585938,9.999999747378752e-06,-0.04319239407777786,0.057180505245923996,6.33370304107666,0.015224933624267578,30.0,0.019469639286398888,373.7749938964844,11.79013442993164,-0.00023049461015034467,0.0,0.7444965243339539,-1.5422686338424683,0.9996441006660461,0.6726918816566467
84,,,,,,,,,,-73.14877319335938,1.4999999621068127e-05,-0.03492286801338196,0.03716642037034035,6.561826705932617,0.017045021057128906,29.0,0.019492799416184425,373.7749938964844,11.79013442993164,-0.0002217923174612224,0.0,0.5634251832962036,-1.1763750314712524,0.9995360970497131,0.6394330859184265
85,,,,,,,,,,-73.13906860351562,9.999999747378752e-06,-0.046947382390499115,0.07542608678340912,6.308841705322266,0.015265941619873047,30.0,0.019475925713777542,373.7749938964844,11.79013442993164,-0.00021905057656113058,0.0,0.38340505957603455,-1.5680879354476929,0.9995019435882568,0.5221116542816162
86,,,,,,,,,,-73.16535949707031,1.4999999621068127e-05,-0.030518777668476105,0.04502885788679123,6.598825931549072,0.015234231948852539,29.0,0.019469721242785454,373.7749938964844,11.79013442993164,-0.00022494315635412931,0.0,0.26024821400642395,-1.0492639541625977,0.9994768500328064,0.5470667481422424
87,,,,,,,,,,-73.16133880615234,9.999999747378752e-06,-0.0427345335483551,0.04807905852794647,6.83400821685791,0.01527714729309082,28.0,0.0194773618131876,373.7749938964844,11.79013442993164,-0.00022458650346379727,0.0,0.17756611108779907,-0.6402565836906433,0.9994935393333435,0.6052259802818298
88,,,,,,,,,,-73.1488265991211,1.4999999621068127e-05,-0.03396276384592056,0.036323431879282,7.4608259201049805,0.0170900821685791,25.0,0.01948694884777069,373.7749938964844,11.79013442993164,-0.00022186647402122617,0.0,0.12117522209882736,-0.42837631702423096,0.9994805455207825,0.7524843811988831
89,,,,,,,,,,-73.13529968261719,9.999999747378752e-06,-0.03699643164873123,0.01929844543337822,7.667051315307617,0.015384197235107422,24.0,0.019499387592077255,373.7749938964844,11.79013442993164,-0.00022149948927108198,0.0,0.06724550575017929,-0.4680161476135254,0.9996395707130432,0.8551308512687683
90,,,,,,,,,,-73.10851287841797,1.4999999621068127e-05,-0.025608044117689133,0.016540830954909325,7.752469062805176,0.015333890914916992,24.0,0.019525451585650444,373.7749938964844,11.79013442993164,-0.0002211897080997005,0.0,0.026953816413879395,-0.19250504672527313,0.9997029304504395,0.8786119818687439
91,,,,,,,,,,-73.0871810913086,1.4999999621068127e-05,-0.02767692506313324,0.025327540934085846,7.852522850036621,0.015127182006835938,24.0,0.019524456933140755,374.4146423339844,11.805671691894531,-0.00021329948503989726,0.0,0.026755457744002342,-0.1770113855600357,0.9997634291648865,0.9129138588905334
92,,,,,,,,,,-73.08928680419922,1.4999999621068127e-05,-0.03261306881904602,0.06050347909331322,8.067243576049805,0.025238990783691406,23.0,0.019527887925505638,375.0238037109375,11.814297676086426,-0.00022208713926374912,0.0,0.22573859989643097,-0.05871962383389473,0.9997569918632507,0.9093184471130371
93,,,,,,,,,,-73.08750915527344,1.4999999621068127e-05,-0.027963943779468536,0.04306342452764511,8.120821952819824,0.015360116958618164,23.0,0.01952544040977955,376.1590881347656,11.847784042358398,-0.0002178380818804726,0.0,0.33978405594825745,-0.01422110479325056,0.9997732043266296,0.981886088848114
94,,,,,,,,,,-73.08710479736328,9.999999747378752e-06,-0.03257787972688675,0.09254740178585052,7.978126525878906,0.015269279479980469,24.0,0.019532879814505577,377.1956481933594,11.858572959899902,-0.00022489666298497468,0.0,0.5631529688835144,-0.007522673811763525,0.9998307228088379,0.8958104252815247
95,,,,,,,,,,-73.06563568115234,1.4999999621068127e-05,-0.03666798397898674,0.04730074107646942,7.629428863525391,0.015133142471313477,25.0,0.019555985927581787,377.1956481933594,11.858572959899902,-0.00021777658548671752,0.0,0.7482084631919861,-0.14326710999011993,0.9998173117637634,0.81292724609375
96,,,,,,,,,,-73.07637023925781,1.4999999621068127e-05,-0.025239668786525726,0.10858447849750519,7.414046287536621,0.015368938446044922,25.0,0.019509276375174522,377.68084716796875,11.878232955932617,-0.00022592420282308012,0.0,0.7977622151374817,-0.23893308639526367,0.9996492266654968,0.6753446459770203
97,,,,,,,,,,-73.13268280029297,9.999999747378752e-06,-0.04203014075756073,0.0841030552983284,6.882455825805664,0.01524972915649414,27.0,0.019496429711580276,377.68084716796875,11.878232955932617,-0.000227755110245198,0.0,0.8604410290718079,-0.6747910380363464,0.9997370839118958,0.5987740159034729
98,,,,,,,,,,-73.1302490234375,2.2500000341096893e-05,-0.0336541011929512,0.06711182743310928,6.5864667892456055,0.014973878860473633,29.0,0.019507799297571182,378.1458435058594,11.895170211791992,-0.00022399461886379868,0.0,0.8349161148071289,-0.9715133309364319,0.9995424747467041,0.6388882994651794
99,,,,,,,,,,-73.14828491210938,9.999999747378752e-06,-0.04512489214539528,0.06439831107854843,6.491794586181641,0.015302896499633789,29.0,0.019473876804113388,378.1458435058594,11.895170211791992,-0.00022537722543347627,0.0,0.8184139132499695,-1.0746797323226929,0.9994709491729736,0.6512612700462341
100,,,,,,,,,,-73.17452239990234,1.4999999621068127e-05,-0.03277316689491272,0.057321853935718536,6.476467132568359,0.01524496078491211,29.0,0.01948171854019165,378.1458435058594,11.895170211791992,-0.00021704142272938043,0.0,0.6718104481697083,-1.980015754699707,0.999596893787384,0.6430737972259521
101,,,,,,,,,,-73.16267395019531,1.4999999621068127e-05,-0.03630974143743515,0.08549212664365768,6.3325581550598145,0.016786813735961914,30.0,0.019493527710437775,378.1458435058594,11.895170211791992,-0.00022585988335777074,0.0,0.5125347375869751,-1.403524398803711,0.9995861053466797,0.5573615431785583
102,,,,,,,,,,-73.16678619384766,9.999999747378752e-06,-0.055204689502716064,0.08388058841228485,6.30177116394043,0.015118122100830078,30.0,0.019483035430312157,378.1458435058594,11.895170211791992,-0.00021825404837727547,0.0,0.3403094708919525,-1.1646593809127808,0.9995127320289612,0.5590377449989319
103,,,,,,,,,,-73.18319702148438,9.999999747378752e-06,-0.03521675616502762,0.028246214613318443,6.715010166168213,0.015064716339111328,28.0,0.01947897858917713,378.1458435058594,11.895170211791992,-0.00022640278621111065,0.0,0.2300344705581665,-0.9082682728767395,0.9993922114372253,0.5624848008155823
104,,,,,,,,,,-73.18260955810547,9.999999747378752e-06,-0.03823769465088844,0.05591332167387009,7.008336067199707,0.015145063400268555,27.0,0.019483905285596848,378.1458435058594,11.895170211791992,-0.00021601805929094553,0.0,0.16039536893367767,-0.8554179072380066,0.9995257258415222,0.6424710154533386
105,,,,,,,,,,-73.18012237548828,1.4999999621068127e-05,-0.03191056475043297,0.030432140454649925,7.408698081970215,0.014996051788330078,25.0,0.01949390396475792,378.1458435058594,11.895170211791992,-0.0002238401211798191,0.0,0.10636215656995773,-0.37560951709747314,0.9995701909065247,0.7981861233711243
106,,,,,,,,,,-73.16485595703125,1.4999999621068127e-05,-0.033677831292152405,0.008826348930597305,7.652568817138672,0.01510310173034668,25.0,0.019499439746141434,378.1458435058594,11.895170211791992,-0.0002191418461734429,0.0,0.05367853119969368,-0.22689922153949738,0.9996315836906433,0.8701159358024597
107,,,,,,,,,,-73.16800689697266,1.4999999621068127e-05,-0.031085185706615448,0.011830810457468033,7.809563159942627,0.015157938003540039,24.0,0.019495371729135513,378.1458435058594,11.895170211791992,-0.00022415320563595742,0.0,0.014106113463640213,-0.24148131906986237,0.9997138381004333,0.90202397108078
108,,,,,,,,,,-73.16578674316406,9.999999747378752e-06,-0.03848372772336006,0.050605569034814835,7.811594009399414,0.015043020248413086,24.0,0.019501127302646637,379.0199890136719,11.905887603759766,-0.000227891156100668,0.0,0.08148512244224548,-0.10686925798654556,0.9997599720954895,0.9051421284675598
109,,,,,,,,,,-73.16446685791016,9.999999747378752e-06,-0.040307432413101196,0.029813336208462715,8.170612335205078,0.015205144882202148,23.0,0.019503595307469368,379.0199890136719,11.905887603759766,-0.00021194497821852565,0.0,0.2516416609287262,-0.05543611943721771,0.9997622966766357,0.9308697581291199
110,,,,,,,,,,-73.17768859863281,1.4999999621068127e-05,-0.023558316752314568,0.07219669222831726,8.090280532836914,0.015846967697143555,23.0,0.01948770135641098,379.8269348144531,11.92674732208252,-0.00020765484077855945,0.0,0.4230257570743561,-0.01440852228552103,0.9997900128364563,0.9818865656852722
111,,,,,,,,,,-73.20391845703125,1.4999999621068127e-05,-0.02612031064927578,0.15151618421077728,7.842437744140625,0.015444040298461914,24.0,0.019485419616103172,380.5740661621094,11.947362899780273,-0.0002191006060456857,0.0,0.6459846496582031,-0.014662493020296097,0.9998429417610168,0.8460868000984192
112,,,,,,,,,,-73.20942687988281,2.2500000341096893e-05,-0.04370204731822014,0.028420880436897278,7.591350078582764,0.01615619659423828,25.0,0.019476931542158127,380.5740661621094,11.947362899780273,-0.00022737904509995133,0.0,0.7474552989006042,-0.2521847188472748,0.9997894167900085,0.7725304961204529
113,,,,,,,,,,-73.25093078613281,9.999999747378752e-06,-0.03141647204756737,0.09073980152606964,7.164038181304932,0.01534271240234375,26.0,0.019434435293078423,380.9272766113281,11.954671859741211,-0.0002213777625001967,0.0,0.8392454981803894,-0.33293816447257996,0.9996495842933655,0.6673954129219055
114,,,,,,,,,,-73.29961395263672,9.999999747378752e-06,-0.04027106612920761,0.07082116603851318,6.7909440994262695,0.015244007110595703,28.0,0.019416211172938347,380.9272766113281,11.954671859741211,-0.0002225534844910726,0.0,0.8501720428466797,-0.8502504229545593,0.9996386170387268,0.5783457159996033
115,,,,,,,,,,-73.3155746459961,1.4999999621068127e-05,-0.031008662655949593,0.05821064114570618,6.56223201751709,0.015118122100830078,29.0,0.019404388964176178,381.2678527832031,11.96643352508545,-0.0002236126019852236,0.0,0.8553657531738281,-1.0401830673217773,0.9995997548103333,0.6219835877418518
116,,,,,,,,,,-73.34309387207031,1.4999999621068127e-05,-0.04353367164731026,0.07105458527803421,6.474482536315918,0.015229940414428711,29.0,0.01938675157725811,381.2678527832031,11.96643352508545,-0.00021794484928250313,0.0,0.8001046776771545,-1.3497310876846313,0.9995599389076233,0.6925509572029114
117,,,,,,,,,,-73.36843872070312,9.999999747378752e-06,-0.04767841100692749,0.043876200914382935,6.490584850311279,0.015201091766357422,29.0,0.01936916448175907,381.2678527832031,11.96643352508545,-0.00021730423031840473,0.0,0.6155033707618713,-1.443175196647644,0.9995245933532715,0.6530573964118958
118,,,,,,,,,,-73.38874053955078,9.999999747378752e-06,-0.04163174703717232,0.08452972024679184,6.255043983459473,0.015629053115844727,30.0,0.019356749951839447,381.2678527832031,11.96643352508545,-0.0002313351578777656,0.0,0.4446122944355011,-1.389602541923523,0.9995656609535217,0.5108508467674255
119,,,,,,,,,,-73.4118423461914,1.4999999621068127e-05,-0.03361206501722336,0.05410869047045708,6.500674247741699,0.015307903289794922,29.0,0.019329367205500603,381.2678527832031,11.96643352508545,-0.0002213101979577914,0.0,0.29755938053131104,-1.143173098564148,0.9995274543762207,0.5525910258293152
120,,,,,,,,,,-73.45304870605469,9.999999747378752e-06,-0.04018798843026161,0.04806163161993027,6.703655242919922,0.01565694808959961,28.0,0.0193119365721941,381.2678527832031,11.96643352508545,-0.00022722322319168597,0.0,0.19562971591949463,-0.7057068943977356,0.9993857741355896,0.5939948558807373
121,,,,,,,,,,-73.47561645507812,1.4999999621068127e-05,-0.03243214637041092,0.04711562395095825,7.198548316955566,0.015189886093139648,26.0,0.019293135032057762,381.2678527832031,11.96643352508545,-0.00022627094585914165,0.0,0.1365104764699936,-0.8291714787483215,0.9994840621948242,0.6955520510673523
122,,,,,,,,,,-73.51212310791016,9.999999747378752e-06,-0.04017205908894539,0.017051473259925842,7.553131103515625,0.015696048736572266,25.0,0.019264627248048782,381.2678527832031,11.96643352508545,-0.0002194267144659534,0.0,0.08932614326477051,-0.32536080479621887,0.9996001720428467,0.8203413486480713
123,,,,,,,,,,-73.54739379882812,9.999999747378752e-06,-0.03461403399705887,0.02732398547232151,7.659531116485596,0.015196800231933594,25.0,0.019248753786087036,381.2678527832031,11.96643352508545,-0.00022032410197425634,0.0,0.044670622795820236,-0.3145861327648163,0.9996678233146667,0.8709813952445984
124,,,,,,,,,,-73.56339263916016,1.4999999621068127e-05,-0.02862606942653656,0.007538687437772751,7.811916351318359,0.015130043029785156,24.0,0.019242476671934128,381.2678527832031,11.96643352508545,-0.0002194977132603526,0.0,0.010230395011603832,-0.09007509797811508,0.9997492432594299,0.9242261052131653
125,,,,,,,,,,-73.5791015625,9.999999747378752e-06,-0.032295338809490204,0.06747986376285553,7.871271133422852,0.015172719955444336,24.0,0.019233757629990578,381.9137878417969,11.98106575012207,-0.00021930946968495846,0.0,0.1641080230474472,-0.13988831639289856,0.9997504353523254,0.8971346020698547
126,,,,,,,,,,-73.57589721679688,9.999999747378752e-06,-0.03496231883764267,0.011631808243691921,8.127120971679688,0.015459060668945312,23.0,0.01925273984670639,382.2203369140625,11.980489730834961,-0.00021118759468663484,0.0,0.2622431516647339,-0.014284957200288773,0.9997539520263672,0.9639531970024109
127,-0.0002194561093347147,0.0,0.43738895654678345,-0.5661131739616394,0.9996386766433716,0.7384589314460754,0.0,0.0,1.0,-73.56140899658203,2.2500000341096893e-05,-0.020095350220799446,0.07105103135108948,8.027633666992188,0.016218900680541992,23.0,0.019241953268647194,382.80328369140625,12.009759902954102,-0.00021524280600715429,0.0,0.5060978531837463,-0.013530795462429523,0.9997991919517517,0.9491437077522278
128,,,,,,,,,,-73.59111785888672,9.999999747378752e-06,-0.03793315961956978,0.1065940260887146,7.712388038635254,0.015200138092041016,24.0,0.019223304465413094,383.0806579589844,12.021839141845703,-0.00022362347226589918,0.0,0.7181203365325928,-0.08529440313577652,0.9998427033424377,0.8224553465843201
129,,,,,,,,,,-73.60092163085938,1.4999999621068127e-05,-0.028678610920906067,0.09481695294380188,7.483033180236816,0.015180110931396484,25.0,0.019239036366343498,383.3492126464844,12.026994705200195,-0.00022301363060250878,0.0,0.7573612332344055,-0.29037776589393616,0.9997252821922302,0.7156682014465332
130,,,,,,,,,,-73.57865142822266,9.999999747378752e-06,-0.035965677350759506,0.09014573693275452,7.0233869552612305,0.015382051467895508,27.0,0.019244061782956123,383.3492126464844,12.026994705200195,-0.00022448560048360378,0.0,0.8680111765861511,-0.44685402512550354,0.9997289776802063,0.638416588306427
131,,,,,,,,,,-73.58462524414062,1.4999999621068127e-05,-0.0352378748357296,0.044868793338537216,6.651280403137207,0.015336990356445312,28.0,0.019235454499721527,383.3492126464844,12.026994705200195,-0.00021709145221393555,0.0,0.8371233940124512,-0.8509064316749573,0.9995009303092957,0.6107190251350403
132,,,,,,,,,,-73.59723663330078,1.4999999621068127e-05,-0.03025229461491108,0.10364910960197449,6.5522260665893555,0.015198945999145508,29.0,0.01922706328332424,383.609375,12.033489227294922,-0.00022978363267611712,0.0,0.8499787449836731,-1.2443383932113647,0.9995381832122803,0.6165473461151123
133,,,,,,,,,,-73.60028076171875,9.999999747378752e-06,-0.04302651807665825,0.042609747499227524,6.329473972320557,0.015088796615600586,30.0,0.019241174682974815,383.609375,12.033489227294922,-0.00022396155691239983,0.0,0.752840518951416,-1.579802393913269,0.999652087688446,0.6723195910453796
134,,,,,,,,,,-73.58602905273438,1.4999999621068127e-05,-0.04055385664105415,0.03629082068800926,6.525691986083984,0.017520904541015625,29.0,0.019252894446253777,383.609375,12.033489227294922,-0.00022182922111824155,0.0,0.568393886089325,-1.1050505638122559,0.9995376467704773,0.6415605545043945
135,,,,,,,,,,-73.58355712890625,9.999999747378752e-06,-0.0429825484752655,0.06272484362125397,6.283421039581299,0.015417814254760742,30.0,0.019250504672527313,383.609375,12.033489227294922,-0.00022276461822912097,0.0,0.3905930519104004,-1.4409122467041016,0.999499499797821,0.522741973400116
136,,,,,,,,,,-73.60027313232422,1.4999999621068127e-05,-0.03369160741567612,0.043926358222961426,6.603740215301514,0.015314817428588867,29.0,0.01924591138958931,383.609375,12.033489227294922,-0.0002321895444765687,0.0,0.2645101249217987,-1.1425443887710571,0.9994770884513855,0.5504674911499023
137,,,,,,,,,,-73.60340881347656,9.999999747378752e-06,-0.03882501646876335,0.04860752448439598,6.853655815124512,0.015288114547729492,27.0,0.01924976333975792,383.609375,12.033489227294922,-0.00021740661759395152,0.0,0.17479445040225983,-0.666316568851471,0.9994822144508362,0.6116892695426941
138,,,,,,,,,,-73.60227966308594,1.4999999621068127e-05,-0.03436228260397911,0.03817761316895485,7.2993903160095215,0.01519775390625,26.0,0.019253956153988838,383.609375,12.033489227294922,-0.00022179791994858533,0.0,0.11628711223602295,-0.5109712481498718,0.9994794726371765,0.7539096474647522
139,,,,,,,,,,-73.58255767822266,1.4999999621068127e-05,-0.03147653490304947,0.022272847592830658,7.59977388381958,0.015211105346679688,25.0,0.01928451657295227,383.609375,12.033489227294922,-0.0002238414454041049,0.0,0.0618896521627903,-0.46546950936317444,0.9996182322502136,0.8533148169517517
140,,,,,,,,,,-73.56256866455078,9.999999747378752e-06,-0.03281117230653763,0.014850708656013012,7.700684547424316,0.015081167221069336,24.0,0.019276199862360954,383.609375,12.033489227294922,-0.00022913359862286597,0.0,0.023917198181152344,-0.1832229048013687,0.99969083070755,0.8761544823646545
141,,,,,,,,,,-73.5836410522461,2.2500000341096893e-05,-0.026440171524882317,0.019562600180506706,7.8114213943481445,0.015194892883300781,24.0,0.019254254177212715,383.8615417480469,12.04213809967041,-0.0002236745785921812,0.0,0.0263799000531435,-0.1784832924604416,0.9997532367706299,0.9145908355712891
142,,,,,,,,,,-73.61146545410156,9.999999747378752e-06,-0.03783639520406723,0.05819852650165558,8.087091445922852,0.017744064331054688,23.0,0.01924251765012741,384.1060485839844,12.05094051361084,-0.00021057533740531653,0.0,0.22604475915431976,-0.039048612117767334,0.9997461438179016,0.9104636311531067
143,,,,,,,,,,-73.62213134765625,9.999999747378752e-06,-0.023391155526041985,0.036809373646974564,8.077771186828613,0.015255928039550781,23.0,0.01922839879989624,384.5735168457031,12.060332298278809,-0.00021752547763753682,0.0,0.34018078446388245,-0.013755877502262592,0.9997616410255432,0.9826328158378601
144,,,,,,,,,,-73.662109375,1.4999999621068127e-05,-0.02044481411576271,0.12440332770347595,7.953555107116699,0.014986038208007812,24.0,0.01919449493288994,385.0142822265625,12.079559326171875,-0.00022467225790023804,0.0,0.5633986592292786,-0.00704255560413003,0.9998211860656738,0.8954083919525146
145,,,,,,,,,,-73.71994018554688,1.4999999621068127e-05,-0.033570297062397,0.05115867778658867,7.691535949707031,0.015318155288696289,24.0,0.019161585718393326,385.0142822265625,12.079559326171875,-0.00022692455968353897,0.0,0.7481892704963684,-0.1473047286272049,0.9998154640197754,0.8123525977134705
146,,,,,,,,,,-73.76163482666016,9.999999747378752e-06,-0.025894448161125183,0.13598589599132538,7.347225189208984,0.01572394371032715,26.0,0.019156474620103836,385.225341796875,12.0790433883667,-0.0002132287045242265,0.0,0.7970537543296814,-0.24717563390731812,0.9996477961540222,0.6744666695594788
147,,,,,,,,,,-73.75112915039062,9.999999747378752e-06,-0.03321967273950577,0.11674051731824875,6.868648529052734,0.01508474349975586,27.0,0.019173629581928253,385.225341796875,12.0790433883667,-0.00021602371998596936,0.0,0.85988849401474,-0.6881363987922668,0.9997316002845764,0.5969520211219788
148,,,,,,,,,,-73.72136688232422,9.999999747378752e-06,-0.03200295567512512,0.04637081176042557,6.587038993835449,0.015112876892089844,29.0,0.019193781539797783,385.4305419921875,12.08554458618164,-0.0002170119114452973,0.0,0.8366617560386658,-0.8907356858253479,0.99954754114151,0.6375957131385803
149,,,,,,,,,,-73.70890045166016,1.4999999621068127e-05,-0.028073949739336967,0.08113718032836914,6.492115020751953,0.014981269836425781,29.0,0.01918313093483448,385.4305419921875,12.08554458618164,-0.00021681647922378033,0.0,0.8298376202583313,-1.2127288579940796,0.9995040893554688,0.6601173877716064
150,,,,,,,,,,-73.74324035644531,9.999999747378752e-06,-0.03822862729430199,0.03854776918888092,6.416295051574707,0.026337146759033203,29.0,0.01915619522333145,385.4305419921875,12.08554458618164,-0.00021287589333951473,0.0,0.6811018586158752,-1.7523237466812134,0.999607503414154,0.6420579552650452
151,,,,,,,,,,-73.77706909179688,9.999999747378752e-06,-0.03920457512140274,0.1168123185634613,6.578912734985352,0.016952991485595703,29.0,0.01913735456764698,385.4305419921875,12.08554458618164,-0.00021244325034786016,0.0,0.5079775452613831,-1.46977961063385,0.9995896220207214,0.5533702373504639
152,,,,,,,,,,-73.81423950195312,1.4999999621068127e-05,-0.03862035274505615,0.08526819199323654,6.322866439819336,0.015600919723510742,30.0,0.019100764766335487,385.4305419921875,12.08554458618164,-0.00021696498151868582,0.0,0.3218517005443573,-1.1467456817626953,0.9995020031929016,0.5543766021728516
153,,,,,,,,,,-73.8651123046875,9.999999747378752e-06,-0.043142568320035934,0.039404504001140594,6.729645729064941,0.01529693603515625,28.0,0.019083263352513313,385.4305419921875,12.08554458618164,-0.00021767472208011895,0.0,0.21544699370861053,-1.0209959745407104,0.9993847012519836,0.559404194355011
154,,,,,,,,,,-73.88314819335938,1.4999999621068127e-05,-0.03053315170109272,0.05289012938737869,7.04725980758667,0.015311956405639648,27.0,0.019081175327301025,385.4305419921875,12.08554458618164,-0.00021717818162869662,0.0,0.15128061175346375,-0.8080780506134033,0.9995161890983582,0.6399450898170471
155,,,,,,,,,,-73.86786651611328,9.999999747378752e-06,-0.04314004257321358,0.03486901521682739,7.440727233886719,0.01529693603515625,25.0,0.01910235732793808,385.4305419921875,12.08554458618164,-0.00020941106777172536,0.0,0.10319168120622635,-0.4991251528263092,0.9995679259300232,0.7968523502349854
156,,,,,,,,,,-73.83055877685547,1.4999999621068127e-05,-0.028804490342736244,0.009910146705806255,7.650729179382324,0.01516413688659668,25.0,0.019124578684568405,385.4305419921875,12.08554458618164,-0.00021566283248830587,0.0,0.04791880026459694,-0.22056494653224945,0.9996404647827148,0.867756187915802
157,,,,,,,,,,-73.79342651367188,9.999999747378752e-06,-0.03229749575257301,0.008285079151391983,7.790803909301758,0.015047073364257812,24.0,0.01914103701710701,385.4305419921875,12.08554458618164,-0.000212199505767785,0.0,0.010242833755910397,-0.327208548784256,0.9997222423553467,0.8995459675788879
158,,,,,,,,,,-73.79317474365234,1.4999999621068127e-05,-0.03999834507703781,0.04538927599787712,7.791181564331055,0.015038013458251953,24.0,0.019119825214147568,385.8243103027344,12.100564956665039,-0.00022494967561215162,0.0,0.08036676794290543,-0.09895145148038864,0.9997565150260925,0.9033684730529785
159,,,,,,,,,,-73.82597351074219,9.999999747378752e-06,-0.037353646010160446,0.02531709149479866,8.13682746887207,0.017254114151000977,23.0,0.019108407199382782,385.8243103027344,12.100564956665039,-0.000218799221329391,0.0,0.2509332597255707,-0.05197617784142494,0.9997673034667969,0.9298445582389832
160,,,,,,,,,,-73.831298828125,9.999999747378752e-06,-0.027264462783932686,0.06742846965789795,8.092571258544922,0.01517486572265625,23.0,0.019118040800094604,386.1973571777344,12.103874206542969,-0.00021068409841973335,0.0,0.4223620891571045,-0.013292286545038223,0.9997878074645996,0.981759786605835
161,,,,,,,,,,-73.81604766845703,1.4999999621068127e-05,-0.03379855677485466,0.1908797323703766,7.826971054077148,0.015271902084350586,24.0,0.01912999153137207,386.55126953125,12.107526779174805,-0.00021302420645952225,0.0,0.6451947093009949,-0.013095882721245289,0.9998471140861511,0.8461201786994934
162,,,,,,,,,,-73.79876708984375,9.999999747378752e-06,-0.035192325711250305,0.028157146647572517,7.651855945587158,0.015085935592651367,25.0,0.019139103591442108,386.55126953125,12.107526779174805,-0.000213086765143089,0.0,0.7477210164070129,-0.24849827587604523,0.999792754650116,0.7742598056793213
163,,,,,,,,,,-73.80014038085938,1.4999999621068127e-05,-0.029621604830026627,0.10422071814537048,7.134191989898682,0.015445947647094727,26.0,0.019129281863570213,386.7215270996094,12.104854583740234,-0.0002137982373824343,0.0,0.8360328674316406,-0.2579818069934845,0.9996417164802551,0.6683565974235535
164,,,,,,,,,,-73.81224060058594,9.999999747378752e-06,-0.0422365628182888,0.0833301693201065,6.767250061035156,0.015113115310668945,28.0,0.019131477922201157,386.7215270996094,12.104854583740234,-0.0002200184972025454,0.0,0.8419129252433777,-0.964229166507721,0.9996317028999329,0.5811194181442261
165,,,,,,,,,,-73.79837036132812,9.999999747378752e-06,-0.03103829361498356,0.06122898310422897,6.558844089508057,0.01512002944946289,29.0,0.019151436164975166,386.88751220703125,12.105756759643555,-0.0002155849215341732,0.0,0.8399370312690735,-1.0803990364074707,0.9995927214622498,0.6223834753036499
166,,,,,,,,,,-73.75336456298828,1.4999999621068127e-05,-0.04012283310294151,0.05202295631170273,6.390253067016602,0.01519322395324707,29.0,0.01918766461312771,386.88751220703125,12.105756759643555,-0.0002241351903649047,0.0,0.7772624492645264,-1.2195137739181519,0.9995623230934143,0.6930504441261292
167,,,,,,,,,,-73.7043685913086,9.999999747378752e-06,-0.037082403898239136,0.040265146642923355,6.647655010223389,0.017004966735839844,28.0,0.019216012209653854,386.88751220703125,12.105756759643555,-0.00022372968669515103,0.0,0.6027509570121765,-1.4692445993423462,0.9995185732841492,0.6518505215644836
168,,,,,,,,,,-73.66063690185547,1.4999999621068127e-05,-0.036382097750902176,0.09362319111824036,6.2360029220581055,0.015427827835083008,30.0,0.019251728430390358,386.88751220703125,12.105756759643555,-0.00021830707555636764,0.0,0.4334395229816437,-1.453290581703186,0.9995539784431458,0.5049477219581604
169,,,,,,,,,,-73.61466979980469,9.999999747378752e-06,-0.03911988437175751,0.04876311123371124,6.476554870605469,0.015288829803466797,29.0,0.01926715299487114,386.88751220703125,12.105756759643555,-0.00022463937057182193,0.0,0.287900447845459,-1.138903260231018,0.9995297789573669,0.5452794432640076
170,,,,,,,,,,-73.60696411132812,9.999999747378752e-06,-0.03955422714352608,0.054037801921367645,6.753671646118164,0.015266895294189453,28.0,0.019266627728939056,386.88751220703125,12.105756759643555,-0.00021475744142662734,0.0,0.19202172756195068,-0.6381329298019409,0.9993974566459656,0.5957852005958557
171,,,,,,,,,,-73.59858703613281,1.4999999621068127e-05,-0.03809385746717453,0.03696519136428833,7.18715763092041,0.015284061431884766,26.0,0.019282851368188858,386.88751220703125,12.105756759643555,-0.00021412094065453857,0.0,0.13414646685123444,-0.7192088961601257,0.9995054602622986,0.693723201751709
172,,,,,,,,,,-73.56718444824219,9.999999747378752e-06,-0.03967958688735962,0.019752562046051025,7.567255020141602,0.015255928039550781,25.0,0.019304977729916573,386.88751220703125,12.105756759643555,-0.00022763658489566296,0.0,0.08452730625867844,-0.4364801347255707,0.9996214509010315,0.8179839253425598
173,,,,,,,,,,-73.5494155883789,9.999999747378752e-06,-0.037928078323602676,0.04705540090799332,7.625542163848877,0.015160799026489258,25.0,0.019304122775793076,386.88751220703125,12.105756759643555,-0.00021937776182312518,0.0,0.03819912299513817,-0.44111108779907227,0.9996889233589172,0.8665717244148254
174,,,,,,,,,,-73.56352233886719,1.4999999621068127e-05,-0.030963541939854622,0.011005666106939316,7.819450855255127,0.015108108520507812,24.0,0.019283371046185493,386.88751220703125,12.105756759643555,-0.00021701834339182824,0.0,0.00684705376625061,-0.08111406117677689,0.9997644424438477,0.9246438145637512
175,,,,,,,,,,-73.59025573730469,9.999999747378752e-06,-0.038260169327259064,0.060420867055654526,7.981174945831299,0.018990755081176758,23.0,0.01927011087536812,387.2073059082031,12.116386413574219,-0.0002109727793140337,0.0,0.16283850371837616,-0.11903081089258194,0.9997706413269043,0.897270679473877
176,,,,,,,,,,-73.59883117675781,9.999999747378752e-06,-0.03704550862312317,0.008958484046161175,8.137054443359375,0.015037059783935547,23.0,0.019279519096016884,387.3614501953125,12.113072395324707,-0.00021484245371539146,0.0,0.26128754019737244,-0.013198130764067173,0.999783992767334,0.9639884829521179
177,-0.00021988339722156525,0.0,0.4341040551662445,-0.6033329963684082,0.9996498823165894,0.7395872473716736,0.0,0.0,1.0,-73.57518768310547,9.999999747378752e-06,-0.028677556663751602,0.07183656096458435,8.079486846923828,0.015158653259277344,23.0,0.01929652877151966,387.6588134765625,12.123549461364746,-0.00022158077626954764,0.0,0.5056700706481934,-0.012689799070358276,0.9998269081115723,0.9499316215515137
178,,,,,,,,,,-73.55414581298828,9.999999747378752e-06,-0.028745802119374275,0.11516283452510834,7.712064743041992,0.015578269958496094,24.0,0.019305601716041565,387.8023376464844,12.131624221801758,-0.00021288084099069238,0.0,0.717545211315155,-0.09015925973653793,0.9998593330383301,0.8238091468811035
179,,,,,,,,,,-73.55740356445312,9.999999747378752e-06,-0.030537035316228867,0.13049305975437164,7.494341850280762,0.015326976776123047,25.0,0.019298970699310303,387.9425354003906,12.133666038513184,-0.0002180857554776594,0.0,0.7571969032287598,-0.2820112407207489,0.9997260570526123,0.7167906761169434
180,,,,,,,,,,-73.56803894042969,9.999999747378752e-06,-0.032632146030664444,0.11304976791143417,7.032288074493408,0.01584005355834961,27.0,0.019292958080768585,387.9425354003906,12.133666038513184,-0.00022710706980433315,0.0,0.8670334815979004,-0.4905942976474762,0.9997289776802063,0.6429357528686523
181,,,,,,,,,,-73.56694030761719,1.4999999621068127e-05,-0.036022741347551346,0.04998328164219856,6.629580974578857,0.015053033828735352,28.0,0.01930767297744751,387.9425354003906,12.133666038513184,-0.0002250153775094077,0.0,0.8341975212097168,-0.8580750823020935,0.9995060563087463,0.614173948764801
182,,,,,,,,,,-73.546630859375,1.4999999621068127e-05,-0.031762510538101196,0.11533483862876892,6.556713104248047,0.015413045883178711,29.0,0.01931275986135006,388.0795593261719,12.13404655456543,-0.0002299197221873328,0.0,0.8464996218681335,-1.120254635810852,0.9995232224464417,0.6177300214767456
183,,,,,,,,,,-73.53307342529297,1.4999999621068127e-05,-0.03963126614689827,0.03038400039076805,6.3509697914123535,0.015316247940063477,30.0,0.019336912781000137,388.0795593261719,12.13404655456543,-0.00021256355103105307,0.0,0.7469480633735657,-1.3234152793884277,0.9996511340141296,0.6764385104179382
184,,,,,,,,,,-73.5146255493164,9.999999747378752e-06,-0.039623651653528214,0.04294661432504654,6.544439315795898,0.01740407943725586,29.0,0.019329354166984558,388.0795593261719,12.13404655456543,-0.00022095530584920198,0.0,0.5588473677635193,-1.161826729774475,0.999538242816925,0.6397767663002014
185,,,,,,,,,,-73.52694702148438,9.999999747378752e-06,-0.03514143079519272,0.04535846412181854,6.263061046600342,0.015166044235229492,30.0,0.019328037276864052,388.0795593261719,12.13404655456543,-0.0002263248316012323,0.0,0.36961182951927185,-1.2992419004440308,0.9995161890983582,0.5205214619636536
186,,,,,,,,,,-73.51553344726562,9.999999747378752e-06,-0.03785383701324463,0.030674491077661514,6.590696334838867,0.015143871307373047,29.0,0.019343337044119835,388.0795593261719,12.13404655456543,-0.00022218281810637563,0.0,0.2530971169471741,-1.178544521331787,0.9994967579841614,0.5446608662605286
187,,,,,,,,,,-73.50223541259766,1.4999999621068127e-05,-0.03722967207431793,0.03674771636724472,6.832164287567139,0.015150785446166992,28.0,0.019337767735123634,388.0795593261719,12.13404655456543,-0.00022295188682619482,0.0,0.17198260128498077,-0.7623277306556702,0.9995266795158386,0.6102675795555115
188,,,,,,,,,,-73.50588989257812,1.4999999621068127e-05,-0.03895934671163559,0.028851112350821495,7.311379432678223,0.015060901641845703,26.0,0.019352927803993225,388.0795593261719,12.13404655456543,-0.00021805310097988695,0.0,0.11664927005767822,-0.5601060390472412,0.999527633190155,0.7524300217628479
189,,,,,,,,,,-73.47799682617188,9.999999747378752e-06,-0.03888958692550659,0.014948991127312183,7.617632865905762,0.015196800231933594,25.0,0.01936953142285347,388.0795593261719,12.13404655456543,-0.00022272730711847544,0.0,0.06271762400865555,-0.34674718976020813,0.999663770198822,0.8531091213226318
190,,,,,,,,,,-73.44947814941406,1.4999999621068127e-05,-0.03201323747634888,0.009701148606836796,7.72068977355957,0.015269041061401367,24.0,0.019388051703572273,388.0795593261719,12.13404655456543,-0.00021835981169715524,0.0,0.022762296721339226,-0.1951046586036682,0.9997236132621765,0.8754777908325195
191,,,,,,,,,,-73.45066833496094,9.999999747378752e-06,-0.03183482587337494,0.015017041005194187,7.8057661056518555,0.015383720397949219,24.0,0.019362501800060272,388.2134704589844,12.138628005981445,-0.0002135194226866588,0.0,0.025120100006461143,-0.1867329329252243,0.999790370464325,0.9127843976020813
192,,,,,,,,,,-73.47484588623047,1.4999999621068127e-05,-0.02868488058447838,0.051218632608652115,8.091461181640625,0.017222166061401367,23.0,0.019358694553375244,388.3444519042969,12.147440910339355,-0.00021689954155590385,0.0,0.2252444475889206,-0.0457489974796772,0.99979168176651,0.9095802903175354
193,,,,,,,,,,-73.462890625,9.999999747378752e-06,-0.030153514817357063,0.03022601082921028,8.088998794555664,0.015243053436279297,23.0,0.01937267929315567,388.59783935546875,12.161089897155762,-0.0002198269503423944,0.0,0.3393513262271881,-0.014502927660942078,0.9998096823692322,0.9820554852485657
194,,,,,,,,,,-73.45413208007812,2.2500000341096893e-05,-0.020957712084054947,0.1295982450246811,7.969351291656494,0.015316963195800781,24.0,0.01936139166355133,388.8404235839844,12.173079490661621,-0.00023360620252788067,0.0,0.56265789270401,-0.006594622507691383,0.999854564666748,0.8959312438964844
195,,,,,,,,,,-73.47684478759766,9.999999747378752e-06,-0.03674890100955963,0.050103720277547836,7.673859596252441,0.015140056610107422,24.0,0.01934249885380268,388.8404235839844,12.173079490661621,-0.00021099466539453715,0.0,0.7477894425392151,-0.1524365395307541,0.9998409152030945,0.8118354678153992
196,,,,,,,,,,-73.49169921875,1.4999999621068127e-05,-0.03247632458806038,0.1400025486946106,7.331598281860352,0.015534162521362305,26.0,0.01933128759264946,388.9578857421875,12.170083045959473,-0.00022265191364567727,0.0,0.7962291836738586,-0.24583689868450165,0.9996623992919922,0.6755568981170654
197,,,,,,,,,,-73.5079116821289,9.999999747378752e-06,-0.03725278005003929,0.13596582412719727,6.952997207641602,0.01517796516418457,27.0,0.019327262416481972,388.9578857421875,12.170083045959473,-0.00022051828273106366,0.0,0.8572726249694824,-0.8689070343971252,0.9997403025627136,0.5981387495994568
198,,,,,,,,,,-73.51669311523438,2.2500000341096893e-05,-0.03671354055404663,0.03453200310468674,6.620358943939209,0.015449047088623047,28.0,0.019322151318192482,389.0729064941406,12.175500869750977,-0.00022753950906917453,0.0,0.8276112675666809,-0.7657968997955322,0.9995458722114563,0.6384343504905701
199,,,,,,,,,,-73.5116958618164,1.4999999621068127e-05,-0.041136544197797775,0.08563099056482315,6.52995491027832,0.016592979431152344,29.0,0.019323280081152916,389.0729064941406,12.175500869750977,-0.00021979930170346051,0.0,0.8122727274894714,-1.0898224115371704,0.9994678497314453,0.6528689861297607
200,,,,,,,,,,-73.49491882324219,9.999999747378752e-06,-0.041706886142492294,0.035439636558294296,6.553734302520752,0.016096830368041992,29.0,0.019346365705132484,389.0729064941406,12.175500869750977,-0.00021164848294574767,0.0,0.6658540368080139,-1.756273865699768,0.999598503112793,0.6390120387077332
201,,,,,,,,,,-73.48390197753906,1.4999999621068127e-05,-0.03768891841173172,0.11241795867681503,6.283915996551514,0.015341043472290039,30.0,0.019329706206917763,389.0729064941406,12.175500869750977,-0.00022372663079295307,0.0,0.4956805408000946,-1.240126132965088,0.9996013641357422,0.5555752515792847
202,,,,,,,,,,-73.51454162597656,1.4999999621068127e-05,-0.04446446895599365,0.05571218580007553,6.296545028686523,0.01514291763305664,30.0,0.019316155463457108,389.0729064941406,12.175500869750977,-0.00021865463349968195,0.0,0.3195542097091675,-1.069212794303894,0.9995186924934387,0.5555064082145691
203,,,,,,,,,,-73.52811431884766,9.999999747378752e-06,-0.04486287385225296,0.027794675901532173,6.712160110473633,0.015209197998046875,28.0,0.019312694668769836,389.0729064941406,12.175500869750977,-0.00022293323127087206,0.0,0.2161722034215927,-0.940850019454956,0.9994029402732849,0.5558149218559265
204,,,,,,,,,,-73.53411865234375,1.4999999621068127e-05,-0.03732365369796753,0.02388691157102585,7.014841079711914,0.015249013900756836,27.0,0.019300660118460655,389.0729064941406,12.175500869750977,-0.00022447947412729263,0.0,0.1497723013162613,-0.7086088061332703,0.9995627403259277,0.6389907002449036
205,,,,,,,,,,-73.54853820800781,9.999999747378752e-06,-0.036747220903635025,0.01857682317495346,7.433072090148926,0.015399932861328125,25.0,0.019300751388072968,389.0729064941406,12.175500869750977,-0.0002245194773422554,0.0,0.09842169284820557,-0.3984414339065552,0.9996002316474915,0.7919716238975525
206,,,,,,,,,,-73.55078887939453,1.4999999621068127e-05,-0.041667964309453964,0.01340912003070116,7.650167942047119,0.015698909759521484,25.0,0.01929960586130619,389.0729064941406,12.175500869750977,-0.00023348815739154816,0.0,0.04253588989377022,-0.29226264357566833,0.9996636509895325,0.8667373657226562
207,,,,,,,,,,-73.54371643066406,9.999999747378752e-06,-0.03999704122543335,0.005430738907307386,7.816106796264648,0.016555070877075195,24.0,0.019319208338856697,389.0729064941406,12.175500869750977,-0.00021761762036476284,0.0,0.00854402780532837,-0.3007211685180664,0.9997494220733643,0.8960561752319336
208,,,,,,,,,,-73.53026580810547,9.999999747378752e-06,-0.03231946751475334,0.03379225730895996,7.866702079772949,0.01532292366027832,24.0,0.019321851432323456,389.2959289550781,12.186474800109863,-0.0002135958056896925,0.0,0.07972442358732224,-0.1488061249256134,0.9997959136962891,0.902854859828949
209,,,,,,,,,,-73.53449249267578,9.999999747378752e-06,-0.02662070468068123,0.01979900896549225,8.309969902038574,0.016978979110717773,23.0,0.019311973825097084,389.2959289550781,12.186474800109863,-0.00021759972150903195,0.0,0.2507677376270294,-0.04198545217514038,0.9997908473014832,0.9293408989906311
210,,,,,,,,,,-73.53553009033203,1.4999999621068127e-05,-0.029193922877311707,0.05652576684951782,8.089059829711914,0.015414953231811523,23.0,0.01931976154446602,389.510009765625,12.187894821166992,-0.00021988898515701294,0.0,0.42229869961738586,-0.013433706946671009,0.999819278717041,0.9819129109382629
211,,,,,,,,,,-73.51925659179688,9.999999747378752e-06,-0.02858152613043785,0.17361398041248322,7.848618984222412,0.015039920806884766,24.0,0.019335374236106873,393.3399963378906,12.252006530761719,-0.0002205483615398407,0.0,0.6455350518226624,-0.013877693563699722,0.9998714923858643,0.8469533324241638
212,,,,,,,,,,-73.50105285644531,2.2500000341096893e-05,-0.03115784376859665,0.025117721408605576,7.603762626647949,0.015656232833862305,25.0,0.019346220418810844,393.3399963378906,12.252006530761719,-0.00022672454360872507,0.0,0.7472178936004639,-0.2326650619506836,0.9998164176940918,0.7748724818229675
213,,,,,,,,,,-73.51236724853516,1.4999999621068127e-05,-0.03309082239866257,0.09475228190422058,7.1313982009887695,0.015330791473388672,26.0,0.01932348869740963,394.8800048828125,12.288779258728027,-0.00021738330542575568,0.0,0.8373484015464783,-0.279617041349411,0.999659538269043,0.6693193912506104
214,,,,,,,,,,-73.55390167236328,1.4999999621068127e-05,-0.04181957617402077,0.08137278258800507,6.805854320526123,0.015269756317138672,28.0,0.019295278936624527,394.8800048828125,12.288779258728027,-0.00021174944413360208,0.0,0.841657817363739,-0.9623234868049622,0.9996352791786194,0.5799617171287537
215,,,,,,,,,,-73.58154296875,9.999999747378752e-06,-0.0425715297460556,0.04710379242897034,6.61711311340332,0.015313148498535156,28.0,0.01928139477968216,396.3900146484375,12.321989059448242,-0.00021885331079829484,0.0,0.8415076732635498,-1.1027823686599731,0.9995782971382141,0.6177744269371033
216,,,,,,,,,,-73.60295104980469,2.2500000341096893e-05,-0.03313465416431427,0.04938596859574318,6.399205207824707,0.015188932418823242,29.0,0.019263720139861107,396.3900146484375,12.321989059448242,-0.0002170680818380788,0.0,0.777938187122345,-1.1553864479064941,0.9995461106300354,0.6910354495048523
217,,,,,,,,,,-73.61466979980469,9.999999747378752e-06,-0.0440080463886261,0.028981465846300125,6.44016695022583,0.01716303825378418,29.0,0.01927550882101059,396.3900146484375,12.321989059448242,-0.00022609082225244492,0.0,0.5999773740768433,-1.2719388008117676,0.9995096325874329,0.646720826625824
218,,,,,,,,,,-73.59967803955078,1.4999999621068127e-05,-0.03190175071358681,0.06704948842525482,6.244665145874023,0.015466928482055664,30.0,0.019286399707198143,396.3900146484375,12.321989059448242,-0.000226219417527318,0.0,0.4312466084957123,-1.3273285627365112,0.9995653033256531,0.5081036686897278
219,,,,,,,,,,-73.60335540771484,9.999999747378752e-06,-0.0422307513654232,0.03454921022057533,6.46042537689209,0.01523590087890625,29.0,0.019285235553979874,396.3900146484375,12.321989059448242,-0.00022112118313089013,0.0,0.2815227210521698,-1.1568964719772339,0.9995569586753845,0.5447480082511902
220,,,,,,,,,,-73.59480285644531,1.4999999621068127e-05,-0.03474367782473564,0.038762256503105164,6.714986801147461,0.015133142471313477,28.0,0.019296586513519287,396.3900146484375,12.321989059448242,-0.00021875904349144548,0.0,0.18364864587783813,-0.6462790369987488,0.9994218945503235,0.5929048657417297
221,,,,,,,,,,-73.5872573852539,9.999999747378752e-06,-0.03721284493803978,0.020384017378091812,7.283858299255371,0.01804494857788086,26.0,0.019287724047899246,396.3900146484375,12.321989059448242,-0.00021714884496759623,0.0,0.12956547737121582,-0.7470495104789734,0.9995173811912537,0.6962235569953918
222,,,,,,,,,,-73.5972671508789,9.999999747378752e-06,-0.035012271255254745,0.00964454934000969,7.580212593078613,0.015228033065795898,25.0,0.019281910732388496,396.3900146484375,12.321989059448242,-0.00022433267440646887,0.0,0.08376678079366684,-0.39423587918281555,0.9996393322944641,0.8184371590614319
223,,,,,,,,,,-73.60441589355469,9.999999747378752e-06,-0.03453707695007324,0.01986057497560978,7.674939155578613,0.015135765075683594,24.0,0.0192846842110157,396.3900146484375,12.321989059448242,-0.0002291316050104797,0.0,0.03839525580406189,-0.3376831114292145,0.9997054934501648,0.8685545325279236
224,,,,,,,,,,-73.60840606689453,9.999999747378752e-06,-0.03409835696220398,0.00924232043325901,7.835411071777344,0.015130043029785156,24.0,0.01928727701306343,396.3900146484375,12.321989059448242,-0.00022546174295712262,0.0,0.0066044083796441555,-0.10641803592443466,0.9997811317443848,0.922386646270752
225,,,,,,,,,,-73.6095962524414,9.999999747378752e-06,-0.029072359204292297,0.050407152622938156,8.030406951904297,0.017155170440673828,23.0,0.019294898957014084,398.9100036621094,12.390579223632812,-0.00022222859843168408,0.0,0.16280849277973175,-0.10828136652708054,0.9997882843017578,0.8955159187316895
226,,,,,,,,,,-73.59210205078125,9.999999747378752e-06,-0.03129052370786667,0.0069389622658491135,8.058319091796875,0.015484094619750977,23.0,0.01931731216609478,399.7300109863281,12.393146514892578,-0.00022014162095729262,0.0,0.2613005042076111,-0.009133368730545044,0.9997878074645996,0.9644470810890198
227,-0.00022001024626661092,0.0,0.43220120668411255,-0.5703446865081787,0.9996558427810669,0.7383120059967041,0.0,0.0,1.0,-73.57101440429688,9.999999747378752e-06,-0.031576916575431824,0.06311127543449402,8.070995330810547,0.015105962753295898,23.0,0.01932363025844097,400.0,12.415128707885742,-0.0002210419625043869,0.0,0.5056694149971008,-0.014149772934615612,0.9998394846916199,0.9494965672492981
228,,,,,,,,,,-73.56405639648438,1.4999999621068127e-05,-0.027492351830005646,0.10101933777332306,7.749105930328369,0.015037059783935547,24.0,0.019332420080900192,400.0,12.41944694519043,-0.00021828978788107634,0.0,0.7174196243286133,-0.09317222237586975,0.999869167804718,0.8241415023803711
229,,,,,,,,,,-73.53958129882812,9.999999747378752e-06,-0.03534197807312012,0.12073583900928497,7.488976955413818,0.015304088592529297,25.0,0.019351739436388016,400.0,12.42384147644043,-0.00022260502737481147,0.0,0.7568979263305664,-0.27925488352775574,0.999724805355072,0.7162988185882568
230,,,,,,,,,,-73.51237487792969,1.4999999621068127e-05,-0.028846528381109238,0.10205750167369843,7.0282793045043945,0.015223026275634766,27.0,0.01936277002096176,400.0,12.42384147644043,-0.00022473141143564135,0.0,0.8643732070922852,-0.5641838908195496,0.9997143745422363,0.6403419375419617
231,,,,,,,,,,-73.50186157226562,9.999999747378752e-06,-0.041691068559885025,0.038884278386831284,6.636070251464844,0.015489816665649414,28.0,0.01937822811305523,400.0,12.42384147644043,-0.00022629874001722783,0.0,0.8235424160957336,-0.8635867238044739,0.9994894862174988,0.6108171343803406
232,,,,,,,,,,-73.46802520751953,9.999999747378752e-06,-0.03344883397221565,0.10984864830970764,6.572110652923584,0.015172243118286133,29.0,0.019406253471970558,400.0,12.426633834838867,-0.00022255016665440053,0.0,0.8311781883239746,-1.1664220094680786,0.9995312690734863,0.6082977652549744
233,,,,,,,,,,-73.41887664794922,9.999999747378752e-06,-0.04141220450401306,0.03605576604604721,6.41821813583374,0.07061076164245605,29.0,0.01945251226425171,400.0,12.426633834838867,-0.00022086685930844396,0.0,0.728923499584198,-1.4681061506271362,0.9996393322944641,0.6666696667671204
234,,,,,,,,,,-73.35763549804688,1.4999999621068127e-05,-0.03452792763710022,0.041152991354465485,6.454371929168701,0.015809059143066406,29.0,0.01947946660220623,400.0,12.426633834838867,-0.0002245902578579262,0.0,0.5480926632881165,-1.14736807346344,0.9995271563529968,0.6389931440353394
235,,,,,,,,,,-73.32858276367188,1.4999999621068127e-05,-0.03705165162682533,0.04319178685545921,6.268127918243408,0.015353918075561523,30.0,0.019483961164951324,400.0,12.426633834838867,-0.0002277196035720408,0.0,0.3760805130004883,-1.3504024744033813,0.9995040893554688,0.5179961323738098
236,,,,,,,,,,-73.33924865722656,9.999999747378752e-06,-0.0394478477537632,0.02225480228662491,6.64210319519043,0.015395164489746094,28.0,0.019464587792754173,400.0,12.426633834838867,-0.0002205803757533431,0.0,0.25660479068756104,-0.9549235701560974,0.9994868636131287,0.541759729385376
237,,,,,,,,,,-73.35431671142578,9.999999747378752e-06,-0.03604154288768768,0.030309926718473434,6.898532867431641,0.015235185623168945,27.0,0.01946399174630642,400.0,12.426633834838867,-0.00022324318706523627,0.0,0.17131930589675903,-0.7579736709594727,0.9995381236076355,0.6120367646217346
238,,,,,,,,,,-73.35140991210938,9.999999747378752e-06,-0.03845962509512901,0.01449702586978674,7.330889701843262,0.015237808227539062,26.0,0.019467558711767197,400.0,12.426633834838867,-0.00022607366554439068,0.0,0.11144944280385971,-0.44947102665901184,0.9995405077934265,0.7487194538116455
239,,,,,,,,,,-73.34430694580078,9.999999747378752e-06,-0.03461432084441185,0.013970764353871346,7.649756908416748,0.015698909759521484,25.0,0.019471460953354836,400.0,12.426633834838867,-0.00022993252787273377,0.0,0.05568193271756172,-0.3628523647785187,0.999671459197998,0.8499782085418701
240,,,,,,,,,,-73.32835388183594,9.999999747378752e-06,-0.036748215556144714,0.009156236425042152,7.7257981300354,0.015126943588256836,24.0,0.019495889544487,400.0,12.426633834838867,-0.00022844485647510737,0.0,0.01896875910460949,-0.24579621851444244,0.9997243285179138,0.8733627796173096
241,,,,,,,,,,-73.29031372070312,9.999999747378752e-06,-0.03521314635872841,0.01197214424610138,7.868870735168457,0.015231132507324219,24.0,0.019525686278939247,400.0,12.4280366897583,-0.00022370810620486736,0.0,0.023775724694132805,-0.15505234897136688,0.9998039603233337,0.9129970669746399
242,,,,,,,,,,-73.25106048583984,9.999999747378752e-06,-0.03861964866518974,0.04142455384135246,8.084797859191895,0.017158031463623047,23.0,0.019544163718819618,400.0,12.425928115844727,-0.00023127971508074552,0.0,0.22490759193897247,-0.04743748530745506,0.9997925162315369,0.9086448550224304
243,,,,,,,,,,-73.2422866821289,9.999999747378752e-06,-0.029478130862116814,0.023429419845342636,8.0736083984375,0.016250133514404297,23.0,0.019550537690520287,400.0,12.4390869140625,-0.0002312432770850137,0.0,0.3392623960971832,-0.01424598228186369,0.9998062252998352,0.9812812209129333
244,,,,,,,,,,-73.22771453857422,1.4999999621068127e-05,-0.029836216941475868,0.12029269337654114,7.961357116699219,0.015564918518066406,24.0,0.01957748457789421,400.0,12.442879676818848,-0.00022222787083592266,0.0,0.5626945495605469,-0.0071856193244457245,0.9998548626899719,0.8960601687431335
245,,,,,,,,,,-73.20508575439453,9.999999747378752e-06,-0.03276900574564934,0.04562903940677643,7.670707702636719,0.015175104141235352,24.0,0.019582724198698997,400.0,12.442879676818848,-0.00022839452140033245,0.0,0.7477789521217346,-0.19412566721439362,0.9998460412025452,0.8126103281974792
246,,,,,,,,,,-73.2125015258789,9.999999747378752e-06,-0.03285989537835121,0.12109892815351486,7.377480983734131,0.015239953994750977,25.0,0.019562961533665657,400.0,12.446638107299805,-0.00022837919823359698,0.0,0.7949295043945312,-0.23944802582263947,0.9996583461761475,0.674959659576416
247,,,,,,,,,,-73.22942352294922,1.4999999621068127e-05,-0.030684061348438263,0.11955758184194565,6.879077911376953,0.01583266258239746,27.0,0.019570281729102135,400.0,12.446638107299805,-0.0002384727558819577,0.0,0.8546856045722961,-0.7485387325286865,0.9997293949127197,0.5991300940513611
248,,,,,,,,,,-73.19064331054688,1.4999999621068127e-05,-0.042686764150857925,0.03391212224960327,6.610348701477051,0.015315055847167969,28.0,0.019604424014687538,400.0,12.451193809509277,-0.00022625263954978436,0.0,0.8188772201538086,-0.8295275568962097,0.9995158314704895,0.6391762495040894
249,,,,,,,,,,-73.14447784423828,9.999999747378752e-06,-0.03434760868549347,0.07879355549812317,6.5008440017700195,0.015243053436279297,29.0,0.01962715946137905,400.0,12.451193809509277,-0.00022356135013978928,0.0,0.8003656268119812,-1.2552465200424194,0.9994490742683411,0.651932418346405
250,,,,,,,,,,-73.12149047851562,1.4999999621068127e-05,-0.043562088161706924,0.02558719739317894,6.522140026092529,0.017659902572631836,29.0,0.019647540524601936,400.0,12.451193809509277,-0.0002268669632030651,0.0,0.6590217351913452,-1.5472084283828735,0.9995803236961365,0.6402382850646973
251,,,,,,,,,,-73.10173034667969,1.4999999621068127e-05,-0.03379485383629799,0.10023648291826248,6.265175819396973,0.015149116516113281,30.0,0.019666776061058044,400.0,12.451193809509277,-0.00024124768970068544,0.0,0.49961450695991516,-1.2385655641555786,0.9995867609977722,0.5585926175117493
252,,,,,,,,,,-73.0853271484375,9.999999747378752e-06,-0.04393540695309639,0.053443893790245056,6.437236785888672,0.015095949172973633,29.0,0.019671889021992683,400.0,12.451193809509277,-0.00023630175564903766,0.0,0.3331904113292694,-1.0850812196731567,0.999509334564209,0.5522721409797668
253,,,,,,,,,,-73.09669494628906,9.999999747378752e-06,-0.04576308652758598,0.021473543718457222,6.73868465423584,0.01526784896850586,28.0,0.01965959556400776,400.0,12.451193809509277,-0.00023458029318135232,0.0,0.22456705570220947,-0.8632251620292664,0.9994199872016907,0.5590063333511353
254,,,,,,,,,,-73.13558959960938,9.999999747378752e-06,-0.03411896899342537,0.021378086879849434,7.016210556030273,0.015180110931396484,27.0,0.019619988277554512,400.0,12.451193809509277,-0.00022889488900545985,0.0,0.15575939416885376,-0.7687646746635437,0.9995618462562561,0.6423278450965881
255,,,,,,,,,,-73.19987487792969,9.999999747378752e-06,-0.029225565493106842,0.020615791901946068,7.476764678955078,0.01788187026977539,25.0,0.019584896042943,400.0,12.451193809509277,-0.00023414391034748405,0.0,0.09790242463350296,-0.34843552112579346,0.9995967745780945,0.7951013445854187
