iteration,Episode_Reward/action_rate_l2,Episode_Reward/joint_limit,Episode_Reward/motion_body_ang_vel,Episode_Reward/motion_body_lin_vel,Episode_Reward/motion_body_ori,Episode_Reward/motion_body_pos,Episode_Reward/motion_global_root_ori,Episode_Reward/motion_global_root_pos,Episode_Reward/motion_joint_pos,Episode_Reward/motion_joint_vel,Episode_Termination/anchor_ori,Episode_Termination/anchor_pos,Episode_Termination/clip_end,Episode_Termination/ee_body_pos,Episode_Termination/fallen,Episode_Termination/incidental_bat_support,Episode_Termination/time_out,Loss/entropy,Loss/learning_rate,Loss/surrogate,Loss/value,Metrics/motion/error_anchor_ang_vel,Metrics/motion/error_anchor_lin_vel,Metrics/motion/error_anchor_pos,Metrics/motion/error_anchor_rot,Metrics/motion/error_body_ang_vel,Metrics/motion/error_body_lin_vel,Metrics/motion/error_body_pos,Metrics/motion/error_body_rot,Metrics/motion/error_joint_pos,Metrics/motion/error_joint_vel,Metrics/motion/sampling_entropy,Metrics/motion/sampling_top1_bin,Metrics/motion/sampling_top1_prob,Perf/collection_time,Perf/learning_time,Perf/total_fps,Policy/mean_std,Train/mean_episode_length,Train/mean_reward,reward/action_rate_l2,reward/joint_limit,reward/motion_body_ang_vel,reward/motion_body_lin_vel,reward/motion_body_ori,reward/motion_body_pos,reward/motion_global_root_ori,reward/motion_global_root_pos,reward/motion_joint_pos,reward/motion_joint_vel
0,,,,,,,,,,,,,,,,,,-5.533047199249268,2.60122942563612e-05,0.08200260251760483,0.14877557754516602,,,,,,,,,,,,,,7.484281539916992,0.03764915466308594,25.0,0.19990882277488708,21.75,1.4858931303024292,-0.2665809690952301,0.0,0.31869250535964966,0.45245155692100525,0.5989115834236145,0.8660812377929688,0.24109773337841034,0.47111859917640686,0.8037448525428772,0.0
1,-0.05106610432267189,0.0,0.05332880839705467,0.08031737059354782,0.10346368700265884,0.15955980122089386,0.03866841644048691,0.08823677897453308,0.15315593779087067,0.0,0.0,0.0,0.0,1.6666666269302368,0.0,0.0,0.0,-5.538749694824219,1.1561020073713735e-05,-0.038872137665748596,0.03625601902604103,2.2031447887420654,1.432752251625061,0.18477033078670502,1.2874407768249512,4.286069869995117,1.337538242340088,0.2578033208847046,0.7393395900726318,0.5008144378662109,13.39791488647461,0.0,0.0,0.0,8.898490905761719,0.021293163299560547,21.0,0.1999085694551468,24.0,1.6056058406829834,-0.2742830812931061,0.0,0.3014110326766968,0.45203033089637756,0.5735591053962708,0.8598219752311707,0.2115364521741867,0.46801328659057617,0.8057255744934082,0.0
2,-0.053548663854599,-2.7391361072659492e-06,0.0575353167951107,0.08544567227363586,0.10436432808637619,0.16482587158679962,0.03823411837220192,0.09067264199256897,0.1578366607427597,0.0,0.0,0.0,0.0,1.1666666269302368,0.0,0.1666666716337204,0.0,-5.537973403930664,2.60122942563612e-05,-0.04467974975705147,0.025182045996189117,2.707016706466675,1.3967365026474,0.2046852558851242,1.1354237794876099,4.194862365722656,1.2790955305099487,0.2570183575153351,0.71480792760849,0.5578924417495728,11.228225708007812,0.0,0.0,0.0,7.002748966217041,0.019659996032714844,27.0,0.19993320107460022,25.235294342041016,1.6696947813034058,-0.2649388611316681,-1.208108733408153e-05,0.2932269871234894,0.4456883370876312,0.5458970069885254,0.843625545501709,0.21067452430725098,0.45995569229125977,0.8063147664070129,0.0
3,,,,,,,,,,,,,,,,,,-5.533048629760742,2.60122942563612e-05,-0.04892522841691971,0.013551094569265842,,,,,,,,,,,,,,6.627421855926514,0.017195940017700195,28.0,0.1999645233154297,25.600000381469727,1.6858696937561035,-0.2743256986141205,-7.526705303462222e-06,0.31156104803085327,0.44196632504463196,0.5476083159446716,0.8342540860176086,0.2108866423368454,0.4565514326095581,0.7988000512123108,0.0
4,,,,,,,,,,,,,,,,,,-5.528465747833252,2.60122942563612e-05,-0.05648621916770935,0.00630433252081275,,,,,,,,,,,,,,6.7167768478393555,0.01901412010192871,28.0,0.20001035928726196,25.606060028076172,1.6880027055740356,-0.2660614550113678,-1.8337004803470336e-06,0.300335556268692,0.43773555755615234,0.5466872453689575,0.8431313633918762,0.20851857960224152,0.4611121416091919,0.8001863360404968,0.0
5,,,,,,,,,,,,,,,,,,-5.521913528442383,1.7341530110570602e-05,-0.05188456177711487,0.009168810211122036,,,,,,,,,,,,,,6.6803789138793945,0.018664836883544922,28.0,0.2000449150800705,25.75,1.691529631614685,-0.2626323401927948,-2.138584568456281e-05,0.3090961277484894,0.43950358033180237,0.5167384147644043,0.8280268311500549,0.19906987249851227,0.45644164085388184,0.7934125065803528,0.0
6,-0.052799683064222336,-3.29759814121644e-06,0.05816793814301491,0.08565954118967056,0.10214649885892868,0.16525302827358246,0.037655171006917953,0.09149866551160812,0.15902145206928253,0.0,0.0,0.0,0.0,1.1428571939468384,0.0,0.1428571492433548,0.0,-5.51732873916626,2.60122942563612e-05,-0.0444047637283802,0.006028940435498953,3.4729175567626953,1.457070231437683,0.2208593338727951,1.027644395828247,4.692867755889893,1.3295797109603882,0.2708010673522949,0.7197120785713196,0.6239864230155945,11.102107048034668,0.0,0.0,0.0,6.694408416748047,0.019011735916137695,28.0,0.20007817447185516,26.0,1.7004759311676025,-0.26917651295661926,-1.875556517916266e-05,0.3037477731704712,0.42731761932373047,0.5092781186103821,0.8170530796051025,0.19310016930103302,0.453953355550766,0.795005738735199,0.0
7,,,,,,,,,,,,,,,,,,-5.515194892883301,1.1561020073713735e-05,-0.04552249610424042,0.006453061942011118,,,,,,,,,,,,,,6.609760284423828,0.017503976821899414,28.0,0.20006407797336578,26.125,1.7064300775527954,-0.26265183091163635,-3.091529288212769e-05,0.2877669632434845,0.426285058259964,0.5117171406745911,0.8242071270942688,0.18439258635044098,0.4550449848175049,0.7937383055686951,0.0
8,,,,,,,,,,,,,,,,,,-5.51486349105835,3.9018443203531206e-05,-0.033508285880088806,0.021640844643115997,,,,,,,,,,,,,,6.618642807006836,0.020309925079345703,28.0,0.2001103311777115,26.3125,1.7157617807388306,-0.252145916223526,-4.3880445446120575e-05,0.27253371477127075,0.41272199153900146,0.46131742000579834,0.8035221695899963,0.16465739905834198,0.4467041492462158,0.7835440635681152,0.0
9,,,,,,,,,,,,,,,,,,-5.508155822753906,1.1561020073713735e-05,-0.052445702254772186,0.004578765947371721,,,,,,,,,,,,,,8.384387016296387,0.020004987716674805,22.0,0.20013557374477386,26.299999237060547,1.7159632444381714,-0.2690235674381256,-2.3790920749888755e-05,0.25684764981269836,0.3988838493824005,0.4940160810947418,0.8252564072608948,0.17646978795528412,0.4562563896179199,0.7869774699211121,0.0
10,-0.054196860641241074,-3.032404720215709e-06,0.052205268293619156,0.07835467159748077,0.09924483299255371,0.15956340730190277,0.03801621124148369,0.08784332126379013,0.15281112492084503,0.0,0.0,0.0,0.0,1.0,0.0,0.0,0.0,-5.50486421585083,3.9018443203531206e-05,-0.03945711627602577,0.02861623279750347,2.647960901260376,1.4912916421890259,0.20792420208454132,1.1597555875778198,4.11483907699585,1.3695858716964722,0.26899492740631104,0.7485194206237793,0.5129922032356262,12.333331108093262,0.0,0.0,0.0,6.927258491516113,0.02034783363342285,27.0,0.2001761943101883,26.276315689086914,1.7113370895385742,-0.28469276428222656,-4.286686817067675e-06,0.26343992352485657,0.41368141770362854,0.5229842662811279,0.8375632762908936,0.18742389976978302,0.4585699737071991,0.7931855320930481,0.0
11,-0.05677925422787666,-4.548690867522964e-06,0.05919189751148224,0.0892341360449791,0.10577523708343506,0.1713232547044754,0.03758465498685837,0.09377396106719971,0.1649104356765747,0.0,0.0,0.0,0.0,0.8333333134651184,0.0,0.1666666716337204,0.0,-5.497958660125732,1.7341530110570602e-05,-0.04182538762688637,0.012759759090840816,3.5326948165893555,1.2507277727127075,0.23535019159317017,1.0328775644302368,4.6907734870910645,1.302202820777893,0.2687816321849823,0.7013623714447021,0.6539373993873596,9.812975883483887,0.0,0.0,0.0,6.676108360290527,0.01926589012145996,28.0,0.20022131502628326,26.414634704589844,1.7174973487854004,-0.270693302154541,-1.7696911527309567e-05,0.28702422976493835,0.436166912317276,0.5450155138969421,0.843076229095459,0.19029130041599274,0.4552401006221771,0.7971541285514832,0.0
12,-0.05531567335128784,-3.94742846765439e-06,0.05703641101717949,0.08657517284154892,0.10687462240457535,0.16853606700897217,0.03733860328793526,0.09152062982320786,0.1605067402124405,0.0,0.0,0.0,0.0,1.0,0.0,0.3333333432674408,0.0,-5.49000358581543,2.60122942563612e-05,-0.03773709759116173,0.008443478494882584,2.9571666717529297,1.3448575735092163,0.21920110285282135,1.083347201347351,4.5187668800354,1.258489966392517,0.25816479325294495,0.6878728270530701,0.6316294074058533,11.035502433776855,0.0,0.0,0.0,6.660371780395508,0.01976180076599121,28.0,0.2002968192100525,26.48314666748047,1.7212333679199219,-0.26916012167930603,-2.6489673473406583e-05,0.29593339562416077,0.4546627104282379,0.5499314665794373,0.84196537733078,0.2013384848833084,0.45434996485710144,0.7886953949928284,0.0
13,,,,,,,,,,,,,,,,,,-5.480648517608643,2.60122942563612e-05,-0.04820063337683678,0.007668391335755587,,,,,,,,,,,,,,6.633234977722168,0.018227338790893555,28.0,0.20032943785190582,26.5625,1.7256280183792114,-0.262550413608551,-2.3350325136561878e-05,0.3020278215408325,0.4419145882129669,0.5356956124305725,0.8305211067199707,0.2045755833387375,0.4520329535007477,0.7968859672546387,0.0
14,,,,,,,,,,,,,,,,,,-5.479244232177734,1.7341530110570602e-05,-0.058654408901929855,0.004975826013833284,,,,,,,,,,,,,,6.762532711029053,0.02209305763244629,28.0,0.20031839609146118,26.799999237060547,1.7392691373825073,-0.26047196984291077,-1.702708141237963e-05,0.3133637607097626,0.4503808319568634,0.5401912927627563,0.8365506529808044,0.20599710941314697,0.4565907418727875,0.7989352345466614,0.0
15,,,,,,,,,,,,,,,,,,-5.4810662269592285,2.60122942563612e-05,-0.03966451436281204,0.013052145019173622,,,,,,,,,,,,,,6.625374794006348,0.018107891082763672,28.0,0.2003079056739807,26.969999313354492,1.7463041543960571,-0.2680000066757202,-1.9728771803784184e-05,0.2906772196292877,0.4191574156284332,0.4986654818058014,0.8151748776435852,0.17853684723377228,0.44683417677879333,0.7974348068237305,0.0
16,,,,,,,,,,,,,,,,,,-5.481935024261475,1.7341530110570602e-05,-0.052551429718732834,0.02213807962834835,,,,,,,,,,,,,,7.709480285644531,0.021802902221679688,24.0,0.20031291246414185,27.0,1.746930718421936,-0.2668900191783905,-3.37007841153536e-05,0.2496393918991089,0.40257397294044495,0.4762752056121826,0.8136641979217529,0.15711702406406403,0.4484522044658661,0.781500518321991,0.0
17,-0.05552605539560318,-5.492500349646434e-06,0.06039978936314583,0.09095312654972076,0.10554758459329605,0.17132598161697388,0.038017719984054565,0.09333588182926178,0.16567231714725494,0.0,0.0,0.0,0.0,1.2000000476837158,0.0,0.0,0.0,-5.477227210998535,2.60122942563612e-05,-0.03696592152118683,0.009871689602732658,3.4262402057647705,1.297848105430603,0.25531917810440063,1.05118989944458,4.415374755859375,1.3346753120422363,0.275198757648468,0.7106226682662964,0.6202050447463989,8.266688346862793,0.0,0.0,0.0,6.838160037994385,0.020339250564575195,27.0,0.20038367807865143,27.09000015258789,1.750631332397461,-0.2823701500892639,-1.6432262782473117e-05,0.2920549213886261,0.4324071407318115,0.5090298056602478,0.8231280446052551,0.18368004262447357,0.4499965012073517,0.7876656651496887,0.0
18,,,,,,,,,,,,,,,,,,-5.466763496398926,1.7341530110570602e-05,-0.045960091054439545,0.005789048504084349,,,,,,,,,,,,,,8.132770538330078,0.02008795738220215,23.0,0.2004372626543045,27.25,1.755051612854004,-0.277515172958374,-2.9627051844727248e-05,0.2623741626739502,0.4230336844921112,0.5017029643058777,0.821230411529541,0.16712766885757446,0.4475005567073822,0.7847404479980469,0.0
19,,,,,,,,,,,,,,,,,,-5.461003303527832,1.7341530110570602e-05,-0.048301469534635544,0.004066695459187031,,,,,,,,,,,,,,6.591856956481934,0.01823902130126953,29.0,0.20047885179519653,27.40999984741211,1.764194130897522,-0.26428306102752686,-3.837666008621454e-05,0.287842333316803,0.4488121569156647,0.5254449844360352,0.8300890922546387,0.18210844695568085,0.44779062271118164,0.7789176106452942,0.0
20,-0.05635818839073181,-5.712710844818503e-06,0.05914725363254547,0.0931461751461029,0.11116644740104675,0.17586074769496918,0.03704275190830231,0.09471828490495682,0.16597987711429596,0.0,0.0,0.0,0.0,0.5,0.0,0.5,0.0,-5.454840183258057,1.7341530110570602e-05,-0.045961376279592514,0.006455971859395504,3.1349411010742188,1.1849534511566162,0.2337397336959839,0.9774523377418518,4.1698102951049805,1.1827449798583984,0.250805526971817,0.6619670391082764,0.6516298055648804,9.192066192626953,0.0,0.0,0.0,6.621604919433594,0.01994490623474121,28.0,0.20051351189613342,27.520000457763672,1.7713655233383179,-0.2713998854160309,-3.7697431253036484e-05,0.30232805013656616,0.4523778259754181,0.534801185131073,0.8370180726051331,0.19525772333145142,0.450507253408432,0.7955309748649597,0.0
21,-0.056885287165641785,-1.1055543836846482e-05,0.06035272032022476,0.09141127020120621,0.10761655867099762,0.1721375584602356,0.038095880299806595,0.09336986392736435,0.1632435917854309,0.0,0.0,0.0,0.0,0.75,0.0,0.25,0.0,-5.449667453765869,2.60122942563612e-05,-0.05038587003946304,0.004019899759441614,3.5408802032470703,1.297595739364624,0.2262669801712036,0.9931854605674744,4.680675506591797,1.2615585327148438,0.25085902214050293,0.6609350442886353,0.6423376202583313,10.525594711303711,0.0,0.0,0.0,6.613369941711426,0.020254135131835938,28.0,0.20055897533893585,27.559999465942383,1.7758837938308716,-0.27307191491127014,-4.633244316210039e-05,0.3012423813343048,0.4483306407928467,0.5381459593772888,0.8374256491661072,0.19555120170116425,0.45245614647865295,0.7882235646247864,0.0
22,,,,,,,,,,,,,,,,,,-5.442471027374268,1.7341530110570602e-05,-0.04689480736851692,0.025307243689894676,,,,,,,,,,,,,,6.722271919250488,0.018517732620239258,28.0,0.20060400664806366,27.600000381469727,1.7775006294250488,-0.2602691650390625,-3.640915747382678e-05,0.26575276255607605,0.42745378613471985,0.5014550089836121,0.8196616172790527,0.16737957298755646,0.4455603063106537,0.7806809544563293,0.0
23,-0.054959487169981,-5.87528120377101e-06,0.06187056750059128,0.09416595846414566,0.10863471031188965,0.17364810407161713,0.03854512795805931,0.09411636739969254,0.16437514126300812,0.0,0.0,0.0,0.0,0.7142857313156128,0.0,0.2857142984867096,0.0,-5.43584680557251,2.60122942563612e-05,-0.036350347101688385,0.008148202672600746,3.6953742504119873,1.2483872175216675,0.2400641292333603,0.9643029570579529,4.710231304168701,1.2287349700927734,0.25467535853385925,0.6695402264595032,0.6264824271202087,10.136741638183594,0.0,0.0,0.0,6.6042799949646,0.017588138580322266,28.0,0.2006491720676422,27.700000762939453,1.7831114530563354,-0.27316203713417053,-2.3178856281447224e-05,0.3020404279232025,0.45307841897010803,0.5086254477500916,0.8233590126037598,0.18867994844913483,0.44939231872558594,0.7768785357475281,0.0
24,,,,,,,,,,,,,,,,,,-5.434267044067383,2.60122942563612e-05,-0.04514961317181587,0.009976948611438274,,,,,,,,,,,,,,6.530625343322754,0.019810199737548828,29.0,0.20062404870986938,27.780000686645508,1.7903075218200684,-0.2752578556537628,-3.31056144204922e-05,0.31088510155677795,0.46612319350242615,0.5345338582992554,0.8412672877311707,0.19194741547107697,0.45011332631111145,0.7768402695655823,0.0
25,,,,,,,,,,,,,,,,,,-5.436892509460449,2.60122942563612e-05,-0.045111387968063354,0.007624467834830284,,,,,,,,,,,,,,6.601644992828369,0.017444849014282227,29.0,0.20060637593269348,27.899999618530273,1.800341248512268,-0.26996439695358276,-5.133029117132537e-05,0.2998727858066559,0.4585131108760834,0.5292486548423767,0.8339994549751282,0.18643520772457123,0.4487498104572296,0.7782208323478699,0.0
26,,,,,,,,,,,,,,,,,,-5.43856954574585,1.7341530110570602e-05,-0.04791104793548584,0.007106858771294355,,,,,,,,,,,,,,6.5903120040893555,0.020281314849853516,29.0,0.20061980187892914,28.040000915527344,1.8056786060333252,-0.26317068934440613,-4.4826389057561755e-05,0.27013590931892395,0.4233403205871582,0.4830349385738373,0.8064368367195129,0.15898331999778748,0.43827295303344727,0.7735268473625183,0.0
27,,,,,,,,,,,,,,,,,,-5.435486793518066,2.60122942563612e-05,-0.042525600641965866,0.004610375501215458,,,,,,,,,,,,,,7.6967668533325195,0.02136087417602539,24.0,0.20064173638820648,28.100000381469727,1.8091999292373657,-0.2738284766674042,-4.45901277998928e-05,0.2876755893230438,0.44717907905578613,0.5133675932884216,0.8289213180541992,0.17801733314990997,0.4466879665851593,0.7799126505851746,0.0
28,,,,,,,,,,,,,,,,,,-5.433899879455566,2.60122942563612e-05,-0.04726196825504303,0.0031754281371831894,,,,,,,,,,,,,,6.975866794586182,0.019989967346191406,27.0,0.20063400268554688,28.15999984741211,1.8142340183258057,-0.263789564371109,-4.804153650184162e-05,0.2899690568447113,0.45883944630622864,0.5385017395019531,0.8403604626655579,0.18310803174972534,0.4498470723628998,0.7701494693756104,0.0
29,,,,,,,,,,,,,,,,,,-5.438487529754639,1.7341530110570602e-05,-0.0532274954020977,0.005958740599453449,,,,,,,,,,,,,,6.7814130783081055,0.027861833572387695,28.0,0.20058338344097137,28.219999313354492,1.8174043893814087,-0.27401816844940186,-2.214436790382024e-05,0.27386990189552307,0.44502925872802734,0.531564474105835,0.8379814028739929,0.17927277088165283,0.45087647438049316,0.7830178141593933,0.0
30,-0.05769888311624527,-7.373346761596622e-06,0.06367452442646027,0.09711587429046631,0.10969814658164978,0.17571067810058594,0.03924494981765747,0.09444139897823334,0.1640101969242096,0.0,0.0,0.0,0.0,1.0,0.0,0.75,0.0,-5.443618297576904,2.60122942563612e-05,-0.042753253132104874,0.005866599269211292,3.798973798751831,1.1805319786071777,0.24222113192081451,0.887798547744751,4.434336185455322,1.1784100532531738,0.24885636568069458,0.6661311388015747,0.6441676616668701,9.326700210571289,0.0,0.0,0.0,6.647088050842285,0.01879596710205078,28.0,0.20057301223278046,28.299999237060547,1.820669174194336,-0.26258033514022827,-4.5199947635410354e-05,0.318373441696167,0.46296748518943787,0.5241996049880981,0.8267480731010437,0.19639499485492706,0.44378337264060974,0.7788848876953125,0.0
31,,,,,,,,,,,,,,,,,,-5.441927909851074,1.7341530110570602e-05,-0.052720390260219574,0.005996189080178738,,,,,,,,,,,,,,6.622463226318359,0.01769089698791504,28.0,0.2006053477525711,28.389999389648438,1.8283940553665161,-0.2719191908836365,-1.5393314242828637e-05,0.30071333050727844,0.45817697048187256,0.5343593955039978,0.8319866061210632,0.1821679025888443,0.4471795856952667,0.7779138088226318,0.0
32,,,,,,,,,,,,,,,,,,-5.438528060913086,2.60122942563612e-05,-0.04912625253200531,0.0026085814461112022,,,,,,,,,,,,,,6.815464973449707,0.0177309513092041,28.0,0.2006184309720993,28.40999984741211,1.8338639736175537,-0.27378445863723755,-2.793069143081084e-05,0.2799164950847626,0.45315662026405334,0.5102688074111938,0.8282709121704102,0.1650470346212387,0.4453202188014984,0.770229160785675,0.0
33,,,,,,,,,,,,,,,,,,-5.436732292175293,1.7341530110570602e-05,-0.050859302282333374,0.003909909166395664,,,,,,,,,,,,,,6.702094078063965,0.018463850021362305,28.0,0.200638085603714,28.360000610351562,1.8346656560897827,-0.2692202627658844,-4.4744330807588995e-05,0.27525070309638977,0.4483746290206909,0.5327627658843994,0.8472919464111328,0.16881215572357178,0.45419180393218994,0.7736760973930359,0.0
34,,,,,,,,,,,,,,,,,,-5.435325622558594,2.60122942563612e-05,-0.045785024762153625,0.003534443210810423,,,,,,,,,,,,,,7.798890113830566,0.02058100700378418,24.0,0.20061536133289337,28.3799991607666,1.8373552560806274,-0.26594820618629456,-1.8770075257634744e-05,0.2884542644023895,0.4703463613986969,0.547386646270752,0.8549103736877441,0.17327608168125153,0.45567068457603455,0.7867843508720398,0.0
35,,,,,,,,,,,,,,,,,,-5.441375255584717,1.7341530110570602e-05,-0.046508919447660446,0.003639207687228918,,,,,,,,,,,,,,9.485445976257324,0.02950596809387207,20.0,0.20057816803455353,28.3700008392334,1.8393422365188599,-0.2746698558330536,-2.056109042314347e-05,0.2930430471897125,0.47526857256889343,0.5460972785949707,0.8449416160583496,0.19080255925655365,0.4509587287902832,0.7897434830665588,0.0
36,,,,,,,,,,,,,,,,,,-5.440348148345947,2.60122942563612e-05,-0.04706412926316261,0.003189487848430872,,,,,,,,,,,,,,6.672143936157227,0.01987910270690918,28.0,0.20064158737659454,28.459999084472656,1.8441100120544434,-0.2625550329685211,-3.3955686376430094e-05,0.3245590329170227,0.4769580364227295,0.5490200519561768,0.8372252583503723,0.19442464411258698,0.44776418805122375,0.7901210784912109,0.0
37,,,,,,,,,,,,,,,,,,-5.427543640136719,2.60122942563612e-05,-0.04635394737124443,0.004429904744029045,,,,,,,,,,,,,,6.577165126800537,0.018384933471679688,29.0,0.20074565708637238,28.56999969482422,1.853725790977478,-0.2618010342121124,-5.0780450692400336e-05,0.30277392268180847,0.45444831252098083,0.49474015831947327,0.8081684112548828,0.17310725152492523,0.43826770782470703,0.7729218006134033,0.0
38,,,,,,,,,,,,,,,,,,-5.421773433685303,2.60122942563612e-05,-0.04579908773303032,0.002621768042445183,,,,,,,,,,,,,,11.238121032714844,0.039466142654418945,17.0,0.20070169866085052,28.549999237060547,1.853737473487854,-0.27153727412223816,-4.1037161281565204e-05,0.2907876670360565,0.4544120728969574,0.5036138892173767,0.8244621157646179,0.16313888132572174,0.4478016197681427,0.7708379626274109,0.0
39,-0.05890544131398201,-3.2646032650518464e-06,0.06353694945573807,0.099312424659729,0.11202438175678253,0.18083658814430237,0.03705891594290733,0.09706120193004608,0.16883203387260437,0.0,0.0,0.0,0.0,0.4000000059604645,0.0,0.800000011920929,0.0,-5.425028324127197,2.60122942563612e-05,-0.04453054070472717,0.003620096482336521,3.9952080249786377,1.1424174308776855,0.25434958934783936,0.8874059915542603,4.490848541259766,1.2178822755813599,0.2500940263271332,0.6603885889053345,0.6803142428398132,9.008808135986328,0.0,0.0,0.0,29.7170352935791,0.036303043365478516,6.0,0.2007303386926651,28.6200008392334,1.8559463024139404,-0.27255427837371826,-3.101069887634367e-05,0.25578388571739197,0.4328683912754059,0.49707719683647156,0.82574862241745,0.14406710863113403,0.4437902867794037,0.7641627192497253,0.0
40,-0.057393621653318405,-9.693522770248819e-06,0.060215920209884644,0.09593313932418823,0.11206185817718506,0.17748628556728363,0.03642928972840309,0.09550260752439499,0.16638635098934174,0.0,0.0,0.0,0.0,0.6666666865348816,0.0,0.5,0.0,-5.417443752288818,1.7341530110570602e-05,-0.05830616131424904,0.004154155496507883,3.7428433895111084,1.1998907327651978,0.24470825493335724,0.9942852854728699,4.462214946746826,1.2009621858596802,0.2511258125305176,0.6709578633308411,0.6670719981193542,9.34772777557373,0.0,0.0,0.0,30.99686050415039,0.038973093032836914,6.0,0.2007943093776703,28.709999084472656,1.8585162162780762,-0.26558876037597656,-3.051897510886192e-05,0.29227402806282043,0.4658741056919098,0.5515698790550232,0.8412336707115173,0.18270017206668854,0.45014122128486633,0.7732579112052917,0.0
41,,,,,,,,,,,,,,,,,,-5.411521911621094,2.60122942563612e-05,-0.054404549300670624,0.0027460933197289705,,,,,,,,,,,,,,32.55543518066406,0.035633087158203125,5.0,0.20081022381782532,28.600000381469727,1.8572533130645752,-0.272308349609375,-3.9319671486737207e-05,0.3067564070224762,0.48612090945243835,0.5756535530090332,0.8502824902534485,0.20675458014011383,0.45500823855400085,0.7855770587921143,0.0
42,,,,,,,,,,,,,,,,,,-5.409270763397217,2.60122942563612e-05,-0.05037599802017212,0.002457731869071722,,,,,,,,,,,,,,30.92005157470703,0.02692890167236328,6.0,0.20082268118858337,28.479999542236328,1.8550456762313843,-0.2741331160068512,-2.7220199626754038e-05,0.3400913178920746,0.4924778938293457,0.5627956986427307,0.8466334342956543,0.2001432180404663,0.45170387625694275,0.7869440913200378,0.0
43,,,,,,,,,,,,,,,,,,-5.4099225997924805,1.7341530110570602e-05,-0.05545492097735405,0.0019661858677864075,,,,,,,,,,,,,,31.18423843383789,0.031984806060791016,6.0,0.2007918506860733,28.520000457763672,1.858920693397522,-0.2788240909576416,-4.7564652049914e-05,0.32331010699272156,0.4931431710720062,0.5328177809715271,0.8371711373329163,0.183942511677742,0.4478813707828522,0.7819458842277527,0.0
44,,,,,,,,,,,,,,,,,,-5.415872097015381,2.60122942563612e-05,-0.052379630506038666,0.0016478105681017041,,,,,,,,,,,,,,30.266950607299805,0.03158926963806152,6.0,0.20075173676013947,28.469999313354492,1.862868309020996,-0.27778589725494385,-2.9297223591129296e-05,0.3192092180252075,0.48933371901512146,0.5496745109558105,0.8555002808570862,0.179847851395607,0.45494917035102844,0.7742720246315002,0.0
45,-0.05796206369996071,-5.910223080718424e-06,0.06520713865756989,0.10078362375497818,0.11459939181804657,0.17712520062923431,0.037699852138757706,0.09471756219863892,0.163622185587883,0.0,0.0,0.0,0.0,0.4285714328289032,0.0,0.8571428656578064,0.0,-5.420180797576904,1.7341530110570602e-05,-0.051345568150281906,0.0017656768904998899,3.5530123710632324,1.2149306535720825,0.21935442090034485,0.8595080971717834,4.332154273986816,1.1162879467010498,0.22690798342227936,0.6320454478263855,0.6209502220153809,9.363286018371582,0.0,0.0,0.0,30.893781661987305,0.028551816940307617,6.0,0.20072992146015167,28.399999618530273,1.8647339344024658,-0.2692966163158417,-2.890480936912354e-05,0.31709080934524536,0.48934635519981384,0.5379568934440613,0.84524005651474,0.17343473434448242,0.45328769087791443,0.7816036343574524,0.0
46,,,,,,,,,,,,,,,,,,-5.423889636993408,1.7341530110570602e-05,-0.054458316415548325,0.0022003226913511753,,,,,,,,,,,,,,29.57982063293457,0.030852794647216797,6.0,0.2006961852312088,28.34000015258789,1.8647857904434204,-0.2810245752334595,-1.0745420695457142e-05,0.2995137572288513,0.48232272267341614,0.563094973564148,0.8562408089637756,0.1802426427602768,0.4551592767238617,0.7784844040870667,0.0
47,-0.05641346052289009,-5.226652774581453e-06,0.06322439759969711,0.09844088554382324,0.11348068714141846,0.17348884046077728,0.037019964307546616,0.09282120317220688,0.1600257158279419,0.0,0.0,0.0,0.0,0.5,0.0,0.8333333134651184,0.0,-5.42894983291626,2.60122942563612e-05,-0.048729393631219864,0.00206073559820652,2.948434591293335,1.1830649375915527,0.2167213410139084,0.851144015789032,4.179506778717041,1.0972100496292114,0.2272764891386032,0.6155256032943726,0.622951328754425,10.468927383422852,0.0,0.0,0.0,29.12465476989746,0.031954050064086914,6.0,0.2006642073392868,28.299999237060547,1.8644968271255493,-0.2738109827041626,-2.240292633359786e-05,0.3177536427974701,0.49043259024620056,0.5587052702903748,0.8523614406585693,0.18911904096603394,0.45529690384864807,0.7796978950500488,0.0
48,,,,,,,,,,,,,,,,,,-5.433713912963867,1.7341530110570602e-05,-0.05077558010816574,0.0022484096698462963,,,,,,,,,,,,,,29.008132934570312,0.035993099212646484,6.0,0.2006373405456543,28.299999237060547,1.868820309638977,-0.2744874060153961,-3.531995753291994e-05,0.3005383610725403,0.49433794617652893,0.5641962289810181,0.8619527816772461,0.17595966160297394,0.4588604271411896,0.7825422883033752,0.0
49,,,,,,,,,,,,,,,,,,-5.436429500579834,2.60122942563612e-05,-0.05189639702439308,0.0029097795486450195,,,,,,,,,,,,,,29.15480613708496,0.03847193717956543,6.0,0.20062534511089325,28.290000915527344,1.8718973398208618,-0.2637823820114136,-1.9224667994421907e-05,0.3340422809123993,0.500615656375885,0.564294695854187,0.8581574559211731,0.1823757290840149,0.45711126923561096,0.7767865657806396,0.0
50,-0.05418064072728157,-3.004715154020232e-06,0.06389022618532181,0.10060111433267593,0.11733254045248032,0.17754866182804108,0.037267137318849564,0.09442395716905594,0.16248364746570587,0.0,0.0,0.0,0.0,0.1666666716337204,0.0,1.0,0.0,-5.438769340515137,2.60122942563612e-05,-0.04569556191563606,0.0015220147324725986,2.571950912475586,1.0661371946334839,0.20233048498630524,0.85252445936203,4.047482967376709,1.0201948881149292,0.20814891159534454,0.5728147625923157,0.589404284954071,10.089783668518066,0.0,0.0,0.0,12.045147895812988,0.0205991268157959,15.0,0.20060041546821594,28.209999084472656,1.8710895776748657,-0.26824837923049927,-2.168595528928563e-05,0.31681206822395325,0.49681201577186584,0.5599163174629211,0.8559910655021667,0.18959768116474152,0.4579155445098877,0.7872498035430908,0.0
51,-0.057282667607069016,-6.383062554959906e-06,0.06771878898143768,0.10320945829153061,0.11230295896530151,0.17552149295806885,0.038503412157297134,0.0943540558218956,0.16114163398742676,0.0,0.0,0.0,0.0,0.1428571492433548,0.0,1.1428571939468384,0.0,-5.441721439361572,1.7341530110570602e-05,-0.04990831017494202,0.002390192588791251,2.833817720413208,1.188274621963501,0.20926806330680847,0.822759747505188,4.01345157623291,1.0612387657165527,0.22254803776741028,0.622590959072113,0.5780457258224487,11.03489875793457,0.0,0.0,0.0,6.269870758056641,0.016722917556762695,30.0,0.20060107111930847,28.1299991607666,1.870858073234558,-0.278771311044693,-2.6339701435063034e-05,0.321384459733963,0.48880913853645325,0.5589075088500977,0.8484546542167664,0.19309420883655548,0.4534416198730469,0.7842917442321777,0.0
52,,,,,,,,,,,,,,,,,,-5.437863349914551,2.60122942563612e-05,-0.04819883778691292,0.001973106060177088,,,,,,,,,,,,,,6.302550315856934,0.015964984893798828,30.0,0.20065535604953766,28.049999237060547,1.8703585863113403,-0.2684597074985504,-2.6828633053810336e-05,0.32147136330604553,0.490451455116272,0.5484005212783813,0.8436508178710938,0.186028853058815,0.4509926736354828,0.7812805771827698,0.0
53,,,,,,,,,,,,,,,,,,-5.429611682891846,2.60122942563612e-05,-0.03938024491071701,0.004239493049681187,,,,,,,,,,,,,,6.250771999359131,0.016933202743530273,30.0,0.20070411264896393,28.010000228881836,1.8722628355026245,-0.2643119692802429,-1.9343469830346294e-05,0.3313877582550049,0.49523794651031494,0.5359954237937927,0.8386549353599548,0.18701882660388947,0.44939711689949036,0.7788707613945007,0.0
54,,,,,,,,,,,,,,,,,,-5.425719261169434,2.60122942563612e-05,-0.06584630161523819,0.0014741765335202217,,,,,,,,,,,,,,6.428329944610596,0.018930912017822266,29.0,0.20071043074131012,27.950000762939453,1.8719695806503296,-0.2796194851398468,-1.2247678569110576e-05,0.29230108857154846,0.46970176696777344,0.5306381583213806,0.8383994102478027,0.17063646018505096,0.45119214057922363,0.786130428314209,0.0
55,,,,,,,,,,,,,,,,,,-5.42624044418335,1.7341530110570602e-05,-0.052759721875190735,0.0013768220087513328,,,,,,,,,,,,,,6.541965961456299,0.0222170352935791,29.0,0.20069517195224762,27.90999984741211,1.8744456768035889,-0.26016587018966675,-2.5653993361629546e-05,0.32108303904533386,0.49645891785621643,0.5530466437339783,0.847583532333374,0.18889868259429932,0.45483556389808655,0.7817596793174744,0.0
56,,,,,,,,,,,,,,,,,,-5.42863655090332,2.60122942563612e-05,-0.052714552730321884,0.0013343071332201362,,,,,,,,,,,,,,6.450675010681152,0.017301082611083984,29.0,0.20067977905273438,27.90999984741211,1.876965045928955,-0.267227441072464,-3.5092114103463246e-06,0.3300837278366089,0.5018470883369446,0.5749326348304749,0.8620542883872986,0.1914340853691101,0.4603029191493988,0.7910537123680115,0.0
57,,,,,,,,,,,,,,,,,,-5.430192947387695,2.60122942563612e-05,-0.05148005113005638,0.0016642186092212796,,,,,,,,,,,,,,6.409261226654053,0.023513078689575195,29.0,0.2006862610578537,27.84000015258789,1.8784416913986206,-0.26606622338294983,-5.343013526726281e-06,0.34343695640563965,0.530332088470459,0.5863088369369507,0.870955765247345,0.19643767178058624,0.4619198739528656,0.7909263968467712,0.0
58,,,,,,,,,,,,,,,,,,-5.427509784698486,2.60122942563612e-05,-0.0518953800201416,0.0016475034644827247,,,,,,,,,,,,,,7.250087261199951,0.024663925170898438,26.0,0.20070429146289825,27.809999465942383,1.8801239728927612,-0.2665329873561859,0.0,0.3401181995868683,0.5129125714302063,0.5640692114830017,0.8581457138061523,0.19215305149555206,0.4583965837955475,0.7917945981025696,0.0
59,,,,,,,,,,,,,,,,,,-5.4282917976379395,2.60122942563612e-05,-0.058359839022159576,0.001219027559272945,,,,,,,,,,,,,,6.272195816040039,0.016383886337280273,30.0,0.2006668895483017,27.799999237060547,1.883634090423584,-0.2635223865509033,-1.981664581762743e-06,0.34209775924682617,0.518876314163208,0.5750017166137695,0.8683902621269226,0.19830213487148285,0.46127989888191223,0.7973937392234802,0.0
60,,,,,,,,,,,,,,,,,,-5.433326244354248,1.7341530110570602e-05,-0.0546424575150013,0.0018940010340884328,,,,,,,,,,,,,,6.4303789138793945,0.017620086669921875,29.0,0.20064736902713776,27.81999969482422,1.8853299617767334,-0.27824804186820984,-2.3325701477006078e-05,0.3343782126903534,0.5011761784553528,0.5494306683540344,0.8420419692993164,0.18805211782455444,0.4485950767993927,0.7765398025512695,0.0
61,-0.05509380251169205,-3.7220422655082075e-06,0.07220617681741714,0.10749266296625137,0.11706230789422989,0.17576219141483307,0.04013833403587341,0.09318646788597107,0.16000208258628845,0.0,0.0,0.0,0.0,0.0,0.0,1.2000000476837158,0.0,-5.435276985168457,2.60122942563612e-05,-0.05786014720797539,0.0013837452279403806,2.336219310760498,1.074652910232544,0.18716126680374146,0.8259307146072388,3.7637076377868652,0.9728221893310547,0.19925811886787415,0.5754827260971069,0.5708962082862854,9.716991424560547,0.0,0.0,0.0,6.348156929016113,0.016283035278320312,30.0,0.2006329447031021,27.81999969482422,1.8895965814590454,-0.26577505469322205,-2.1134854250703938e-05,0.35898923873901367,0.518429696559906,0.5620903968811035,0.8578987717628479,0.18973137438297272,0.4569542109966278,0.7877032160758972,0.0
62,,,,,,,,,,,,,,,,,,-5.436773777008057,1.7341530110570602e-05,-0.046032100915908813,0.0015752746257930994,,,,,,,,,,,,,,7.017356872558594,0.023321866989135742,27.0,0.2006353884935379,27.81999969482422,1.894199252128601,-0.26656630635261536,-1.353315656160703e-05,0.33558547496795654,0.5293643474578857,0.5885313153266907,0.8695028424263,0.18950410187244415,0.4577206075191498,0.7859002947807312,0.0
63,,,,,,,,,,,,,,,,,,-5.435555458068848,2.60122942563612e-05,-0.047633275389671326,0.001483658328652382,,,,,,,,,,,,,,6.359616279602051,0.017061948776245117,30.0,0.20064860582351685,27.770000457763672,1.8948744535446167,-0.2630072236061096,-2.0404040697030723e-05,0.35675251483917236,0.5288283228874207,0.5743564963340759,0.8654467463493347,0.2023945301771164,0.4604779779911041,0.7896049618721008,0.0
64,,,,,,,,,,,,,,,,,,-5.433683395385742,1.7341530110570602e-05,-0.05119534209370613,0.0010819456074386835,,,,,,,,,,,,,,6.201968193054199,0.016664981842041016,30.0,0.20066224038600922,27.719999313354492,1.8974719047546387,-0.2683083713054657,-1.0055023267341312e-05,0.36432603001594543,0.5437445640563965,0.5873506665229797,0.8744356632232666,0.1977686882019043,0.4620482623577118,0.7855439186096191,0.0
65,,,,,,,,,,,,,,,,,,-5.434223651885986,2.60122942563612e-05,-0.05086052417755127,0.0009683354292064905,,,,,,,,,,,,,,6.392261505126953,0.017145156860351562,29.0,0.20062996447086334,27.6200008392334,1.8985012769699097,-0.2624289393424988,-1.942494600370992e-05,0.3514498174190521,0.5213672518730164,0.5762884020805359,0.8676595687866211,0.1899164915084839,0.4599131643772125,0.7818325161933899,0.0
66,,,,,,,,,,,,,,,,,,-5.439019680023193,1.7341530110570602e-05,-0.053413935005664825,0.0012252858141437173,,,,,,,,,,,,,,6.319189071655273,0.0166778564453125,30.0,0.20061148703098297,27.610000610351562,1.9002056121826172,-0.262912392616272,-1.5246788279910106e-05,0.3518948554992676,0.5107158422470093,0.5713109374046326,0.8610236048698425,0.19666017591953278,0.4577349126338959,0.7807342410087585,0.0
67,,,,,,,,,,,,,,,,,,-5.439104080200195,3.9018443203531206e-05,-0.04393940046429634,0.004907940048724413,,,,,,,,,,,,,,7.684260845184326,0.024136066436767578,24.0,0.20063447952270508,27.59000015258789,1.9005934000015259,-0.2793838679790497,-2.9311997423064895e-05,0.32653623819351196,0.5051471590995789,0.5704653859138489,0.8605440258979797,0.1922474354505539,0.4540661871433258,0.7753260135650635,0.0
68,-0.05723119154572487,-2.7845749173138756e-06,0.06986073404550552,0.10341078042984009,0.11542986333370209,0.17636674642562866,0.039877355098724365,0.09367866814136505,0.16163143515586853,0.0,0.0,0.0,0.0,0.125,0.0,0.875,0.0,-5.4369401931762695,1.7341530110570602e-05,-0.06627726554870605,0.001973602920770645,2.91603684425354,1.1561946868896484,0.2073635458946228,0.8306925296783447,3.8928921222686768,1.025728464126587,0.21736380457878113,0.6085982322692871,0.5989542007446289,10.720019340515137,0.0,0.0,0.0,6.4350385665893555,0.016717195510864258,29.0,0.2006361335515976,27.549999237060547,1.9009963274002075,-0.26928573846817017,-1.0354196092521306e-05,0.342943400144577,0.5106626152992249,0.5661882758140564,0.8553532958030701,0.19809488952159882,0.4540154039859772,0.7891656756401062,0.0
69,,,,,,,,,,,,,,,,,,-5.437913417816162,2.60122942563612e-05,-0.04803022742271423,0.001621846342459321,,,,,,,,,,,,,,6.352178573608398,0.021620988845825195,30.0,0.20061981678009033,27.459999084472656,1.9034390449523926,-0.27376195788383484,0.0,0.3630044162273407,0.5367483496665955,0.5874788761138916,0.8691155910491943,0.20073966681957245,0.4572451114654541,0.7860710620880127,0.0
70,,,,,,,,,,,,,,,,,,-5.440313816070557,1.7341530110570602e-05,-0.05184389278292656,0.0021212222054600716,,,,,,,,,,,,,,6.360605239868164,0.016959190368652344,30.0,0.20061874389648438,27.489999771118164,1.9073725938796997,-0.2650846540927887,0.0,0.352657288312912,0.5303705930709839,0.5717345476150513,0.8706613183021545,0.1865367740392685,0.46007928252220154,0.787013828754425,0.0
71,,,,,,,,,,,,,,,,,,-5.438024520874023,1.7341530110570602e-05,-0.04637787118554115,0.0015629860572516918,,,,,,,,,,,,,,6.2587480545043945,0.01622772216796875,30.0,0.2006499171257019,27.479999542236328,1.9096602201461792,-0.27067288756370544,-2.0607169062714092e-05,0.35674431920051575,0.5363283157348633,0.5755568146705627,0.8682190775871277,0.1917717456817627,0.45932912826538086,0.7848967909812927,0.0
72,,,,,,,,,,,,,,,,,,-5.433876991271973,2.60122942563612e-05,-0.04925002157688141,0.0009673451422713697,,,,,,,,,,,,,,6.263337135314941,0.016743898391723633,30.0,0.2006814032793045,27.469999313354492,1.9125994443893433,-0.26642730832099915,-5.077414243714884e-06,0.36696746945381165,0.5369643568992615,0.5870739221572876,0.8714857697486877,0.20180045068264008,0.4605439603328705,0.7871466279029846,0.0
73,,,,,,,,,,,,,,,,,,-5.431319713592529,1.7341530110570602e-05,-0.05296030640602112,0.001337280380539596,,,,,,,,,,,,,,6.309613227844238,0.016560792922973633,30.0,0.20067793130874634,27.43000030517578,1.9117319583892822,-0.2650386095046997,-1.164611489912204e-06,0.3441816568374634,0.5212600827217102,0.5665011405944824,0.8618634343147278,0.18340106308460236,0.4570469856262207,0.7828605771064758,0.0
74,-0.0525396429002285,0.0,0.07219486683607101,0.10663162916898727,0.1168152317404747,0.1724318414926529,0.03959047421813011,0.09059666842222214,0.1548718363046646,0.0,0.0,0.0,0.0,0.1666666716337204,0.0,0.8333333134651184,0.0,-5.430621147155762,1.7341530110570602e-05,-0.051002245396375656,0.0016279172850772738,2.1993603706359863,0.9984027743339539,0.17233270406723022,0.8295478820800781,3.321211814880371,0.9342824816703796,0.1837904006242752,0.5520051121711731,0.5548515915870667,9.393878936767578,0.0,0.0,0.0,6.268628120422363,0.016734838485717773,30.0,0.20069555938243866,27.31999969482422,1.9101459980010986,-0.26285815238952637,0.0,0.3772512972354889,0.5437300205230713,0.5973882675170898,0.8798196911811829,0.20158468186855316,0.46308934688568115,0.7885606288909912,0.0
75,,,,,,,,,,,,,,,,,,-5.428872585296631,2.60122942563612e-05,-0.04258580133318901,0.001977398293092847,,,,,,,,,,,,,,6.755128860473633,0.018730878829956055,28.0,0.2007058709859848,27.329999923706055,1.9106281995773315,-0.268142968416214,-2.5332167297165142e-06,0.35915711522102356,0.5372270345687866,0.607244610786438,0.8765175938606262,0.20797951519489288,0.4584904909133911,0.7913033366203308,0.0
76,,,,,,,,,,,,,,,,,,-5.427253246307373,1.7341530110570602e-05,-0.06030108034610748,0.0010802079923450947,,,,,,,,,,,,,,6.986882209777832,0.0228879451751709,27.0,0.20071551203727722,27.280000686645508,1.9112576246261597,-0.2826057970523834,-3.5195337204640964e-06,0.36481401324272156,0.5352062582969666,0.6000275015830994,0.8793802261352539,0.20645014941692352,0.4630979597568512,0.7875792384147644,0.0
77,,,,,,,,,,,,,,,,,,-5.429782867431641,2.60122942563612e-05,-0.048974402248859406,0.0015735202468931675,,,,,,,,,,,,,,6.268979072570801,0.016316890716552734,30.0,0.20065726339817047,27.290000915527344,1.9131330251693726,-0.26510974764823914,-2.929762558778748e-06,0.35894832015037537,0.5307335257530212,0.5819655656814575,0.871202290058136,0.20079852640628815,0.45988526940345764,0.7957978844642639,0.0
78,,,,,,,,,,,,,,,,,,-5.441376209259033,2.60122942563612e-05,-0.053650036454200745,0.0018500505248084664,,,,,,,,,,,,,,6.281730651855469,0.016260862350463867,30.0,0.20056262612342834,27.280000686645508,1.9123518466949463,-0.26892343163490295,0.0,0.3537563383579254,0.5348145365715027,0.5748034119606018,0.8684261441230774,0.19094793498516083,0.4614051878452301,0.7874872088432312,0.0
79,,,,,,,,,,,,,,,,,,-5.454093933105469,1.7341530110570602e-05,-0.05979597941040993,0.0016462382627651095,,,,,,,,,,,,,,6.322371006011963,0.018470048904418945,30.0,0.20049093663692474,27.329999923706055,1.9136276245117188,-0.2765800654888153,0.0,0.33108118176460266,0.5059416890144348,0.5702455043792725,0.8613934516906738,0.18524961173534393,0.4584237337112427,0.7846778035163879,0.0
80,,,,,,,,,,,,,,,,,,-5.462367534637451,2.60122942563612e-05,-0.04416071996092796,0.0015394514193758368,,,,,,,,,,,,,,6.227818965911865,0.01663494110107422,30.0,0.2004437893629074,27.440000534057617,1.9169918298721313,-0.25867024064064026,-2.593144017737359e-06,0.32685068249702454,0.5027831792831421,0.560450553894043,0.8506496548652649,0.17779119312763214,0.4519810974597931,0.7917973399162292,0.0
81,,,,,,,,,,,,,,,,,,-5.469421863555908,1.7341530110570602e-05,-0.05216084420681,0.0016583434771746397,,,,,,,,,,,,,,6.275994300842285,0.016528844833374023,30.0,0.20039841532707214,27.43000030517578,1.9203369617462158,-0.2738364636898041,-4.6725827473892423e-07,0.33912572264671326,0.5285218358039856,0.5915485620498657,0.8716788291931152,0.19568240642547607,0.46082496643066406,0.7943846583366394,0.0
82,,,,,,,,,,,,,,,,,,-5.475111484527588,2.60122942563612e-05,-0.04375355318188667,0.001545931096188724,,,,,,,,,,,,,,6.468881607055664,0.019843101501464844,29.0,0.200356587767601,27.43000030517578,1.921378254890442,-0.2701028287410736,-1.3981357369630132e-05,0.33198270201683044,0.5146636366844177,0.574521005153656,0.8599435687065125,0.18824003636837006,0.4535483419895172,0.7905555367469788,0.0
83,-0.05275082215666771,-1.0192320765156637e-08,0.07396962493658066,0.11035633832216263,0.12081674486398697,0.17813920974731445,0.04165269806981087,0.09415709972381592,0.16271907091140747,0.0,0.0,0.0,0.0,0.0,0.0,1.0,0.0,-5.483346462249756,2.60122942563612e-05,-0.05200127512216568,0.0015673317248001695,1.9669523239135742,1.061160922050476,0.1894507259130478,0.8153552412986755,3.637493371963501,0.9932658672332764,0.196371927857399,0.5808089375495911,0.5525202751159668,9.3367338180542,0.0,0.0,0.0,6.237981796264648,0.01642441749572754,30.0,0.2002870887517929,27.43000030517578,1.9265352487564087,-0.25739526748657227,-4.299885247860402e-08,0.38414087891578674,0.5414404273033142,0.596204936504364,0.8720951080322266,0.21335120499134064,0.4618053436279297,0.793931782245636,0.0
84,,,,,,,,,,,,,,,,,,-5.490965366363525,1.7341530110570602e-05,-0.0510430634021759,0.0011493659112602472,,,,,,,,,,,,,,6.345077037811279,0.0184628963470459,30.0,0.20025713741779327,27.479999542236328,1.9299070835113525,-0.270338773727417,-7.819214260962326e-06,0.35630229115486145,0.5409525036811829,0.6095580458641052,0.8719623684883118,0.20418864488601685,0.45704981684684753,0.7940481305122375,0.0
85,,,,,,,,,,,,,,,,,,-5.495616436004639,2.60122942563612e-05,-0.05546869337558746,0.0013938077026978135,,,,,,,,,,,,,,7.75044584274292,0.025881290435791016,24.0,0.20022271573543549,27.459999084472656,1.9318434000015259,-0.27104389667510986,-1.1015701602445915e-05,0.3758847415447235,0.5439270734786987,0.5932009220123291,0.8775816559791565,0.19916392862796783,0.4605485498905182,0.7924186587333679,0.0
86,-0.05491087958216667,-8.919612923818931e-07,0.07416422665119171,0.10980671644210815,0.12302575260400772,0.17636345326900482,0.04062596708536148,0.09259463846683502,0.15990087389945984,0.0,0.0,0.0,0.0,0.20000000298023224,0.0,1.2000000476837158,0.0,-5.498963832855225,1.7341530110570602e-05,-0.04777565598487854,0.0014966484159231186,2.3277623653411865,1.0186288356781006,0.16788864135742188,0.8088464736938477,3.649385929107666,0.9578887820243835,0.1816033571958542,0.5429229736328125,0.5101845860481262,9.79217529296875,0.0,0.0,0.0,6.522944450378418,0.018533945083618164,29.0,0.20021452009677887,27.459999084472656,1.9337655305862427,-0.25825127959251404,-6.271602615015581e-06,0.3705599009990692,0.5434573888778687,0.5962021946907043,0.8750143051147461,0.2061365842819214,0.46228528022766113,0.7980480194091797,0.0
87,,,,,,,,,,,,,,,,,,-5.5015106201171875,2.60122942563612e-05,-0.053529929369688034,0.0011345293605700135,,,,,,,,,,,,,,6.3441314697265625,0.01659417152404785,30.0,0.20019111037254333,27.5,1.9373278617858887,-0.26379379630088806,-5.114749001222663e-06,0.3400537967681885,0.5225610733032227,0.5836596488952637,0.8710986971855164,0.18850773572921753,0.46019935607910156,0.7935999035835266,0.0
88,,,,,,,,,,,,,,,,,,-5.504427909851074,1.7341530110570602e-05,-0.04890238121151924,0.001181183266453445,,,,,,,,,,,,,,6.366178035736084,0.018670082092285156,30.0,0.20016655325889587,27.56999969482422,1.9401638507843018,-0.2721824049949646,-4.658184479922056e-06,0.3324742317199707,0.524462878704071,0.5796708464622498,0.8651256561279297,0.19015580415725708,0.45535436272621155,0.7907730937004089,0.0
89,-0.055817365646362305,0.0,0.07431801408529282,0.1128789633512497,0.1228218674659729,0.18095763027668,0.04047296568751335,0.09499391168355942,0.16495373845100403,0.0,0.0,0.0,0.0,0.0,0.0,1.0,0.0,-5.508083343505859,2.60122942563612e-05,-0.04758521541953087,0.0012889313511550426,2.0820934772491455,1.0396623611450195,0.18400345742702484,0.7694481611251831,3.7023849487304688,0.9582217931747437,0.18104517459869385,0.5514717102050781,0.5363859534263611,10.096117973327637,0.0,0.0,0.0,6.272209167480469,0.0162811279296875,30.0,0.20014813542366028,27.600000381469727,1.9436203241348267,-0.2775425910949707,0.0,0.3555026054382324,0.5426076650619507,0.5842763781547546,0.8755115866661072,0.18956129252910614,0.4609026610851288,0.7969622611999512,0.0
90,,,,,,,,,,,,,,,,,,-5.5112385749816895,1.7341530110570602e-05,-0.05162466689944267,0.0016626018332317472,,,,,,,,,,,,,,6.544097900390625,0.01844310760498047,29.0,0.2001236230134964,27.649999618530273,1.9455827474594116,-0.26528653502464294,-5.886271878807747e-07,0.37960901856422424,0.5602477192878723,0.6160662174224854,0.8808650374412537,0.21671754121780396,0.461291640996933,0.7955045700073242,0.0
91,-0.0538446269929409,-8.304935477099207e-07,0.07637622952461243,0.1130368709564209,0.12156806886196136,0.17724944651126862,0.04195484146475792,0.09294244647026062,0.1586124747991562,0.0,0.0,0.0,0.0,0.125,0.0,1.0,0.0,-5.511850833892822,2.60122942563612e-05,-0.04419519752264023,0.0015508125070482492,2.381589651107788,0.9498683214187622,0.1773352473974228,0.7339482307434082,3.462395668029785,0.9203259944915771,0.18082022666931152,0.5480049848556519,0.5582581758499146,10.012950897216797,0.0,0.0,0.0,6.31030797958374,0.01648402214050293,30.0,0.20015224814414978,27.68000030517578,1.9521257877349854,-0.25947627425193787,-4.0828995224728715e-06,0.3855702579021454,0.5601983666419983,0.6125271916389465,0.8796809315681458,0.21694974601268768,0.46101436018943787,0.7924947738647461,0.0
92,,,,,,,,,,,,,,,,,,-5.5066752433776855,1.7341530110570602e-05,-0.056919198483228683,0.0013284184969961643,,,,,,,,,,,,,,6.274991035461426,0.023925065994262695,30.0,0.20018483698368073,27.690000534057617,1.9568860530853271,-0.266873836517334,0.0,0.36979982256889343,0.5434763431549072,0.5970551371574402,0.8715117573738098,0.2076445072889328,0.45864784717559814,0.7976999282836914,0.0
93,,,,,,,,,,,,,,,,,,-5.501900672912598,2.60122942563612e-05,-0.05443676933646202,0.0011325622908771038,,,,,,,,,,,,,,6.371203422546387,0.018542766571044922,30.0,0.20022894442081451,27.719999313354492,1.9596762657165527,-0.2667102813720703,-3.4179695376224117e-06,0.3833114206790924,0.5518034100532532,0.5903368592262268,0.872656524181366,0.20087575912475586,0.4601510465145111,0.7917178273200989,0.0
94,,,,,,,,,,,,,,,,,,-5.496516227722168,1.7341530110570602e-05,-0.04577408730983734,0.0010445060906931758,,,,,,,,,,,,,,7.869534015655518,0.019418001174926758,24.0,0.20025165379047394,27.700000762939453,1.963904619216919,-0.25934138894081116,0.0,0.38232502341270447,0.5545429587364197,0.5910360217094421,0.8688947558403015,0.20115132629871368,0.4574422836303711,0.7970706820487976,0.0
95,-0.05193133279681206,-2.3435941187699427e-08,0.07891762256622314,0.11503003537654877,0.12266550958156586,0.17625713348388672,0.04162656515836716,0.09172812104225159,0.15640492737293243,0.0,0.0,0.0,0.0,0.0,0.0,1.0,0.0,-5.495970726013184,2.60122942563612e-05,-0.05617779493331909,0.0011850459268316627,2.411916732788086,0.9625104069709778,0.15907838940620422,0.6982408165931702,3.388421058654785,0.8749051690101624,0.1631087064743042,0.5176337957382202,0.5159947872161865,9.557280540466309,0.0,0.0,0.0,6.834235191345215,0.018483877182006836,28.0,0.20023415982723236,27.56999969482422,1.965635061264038,-0.27012020349502563,-1.3182717850668269e-07,0.4004689157009125,0.5809253454208374,0.6238487362861633,0.8933076858520508,0.20948509871959686,0.46477827429771423,0.7972984910011292,0.0
96,,,,,,,,,,,,,,,,,,-5.499463081359863,1.7341530110570602e-05,-0.05073894187808037,0.0013368630316108465,,,,,,,,,,,,,,6.346221923828125,0.016510009765625,30.0,0.200210303068161,27.5,1.970515489578247,-0.271185040473938,-1.3374545915212366e-07,0.3856138288974762,0.5711507797241211,0.6120288968086243,0.8862624168395996,0.20867757499217987,0.4624549448490143,0.792335033416748,0.0
97,,,,,,,,,,,,,,,,,,-5.50370979309082,2.60122942563612e-05,-0.057259250432252884,0.0008219530573114753,,,,,,,,,,,,,,6.45421028137207,0.018641948699951172,29.0,0.20016971230506897,27.440000534057617,1.969954252243042,-0.26440000534057617,0.0,0.3779454231262207,0.5598833560943604,0.6245554089546204,0.8852826952934265,0.20510828495025635,0.4638306200504303,0.8032746315002441,0.0
98,,,,,,,,,,,,,,,,,,-5.509260177612305,1.7341530110570602e-05,-0.05880175903439522,0.0009365160949528217,,,,,,,,,,,,,,6.547511100769043,0.018155813217163086,29.0,0.20013739168643951,27.43000030517578,1.972830057144165,-0.27091190218925476,0.0,0.3845705986022949,0.5789594650268555,0.6307167410850525,0.8901495933532715,0.21238332986831665,0.4621187448501587,0.799202024936676,0.0
99,-0.054365649819374084,0.0,0.07825034856796265,0.11611159145832062,0.1266537606716156,0.17904885113239288,0.0419059693813324,0.09261739999055862,0.15851064026355743,0.0,0.0,0.0,0.0,0.0,0.0,1.0,0.0,-5.51443338394165,2.60122942563612e-05,-0.05342215672135353,0.0016908332472667098,2.1834185123443604,0.9123227000236511,0.155713751912117,0.6587335467338562,3.600438117980957,0.9290906190872192,0.15130198001861572,0.48933079838752747,0.5367828607559204,10.079174041748047,0.0,0.0,0.0,6.253753662109375,0.017979145050048828,30.0,0.20009958744049072,27.3799991607666,1.975144624710083,-0.2686102092266083,0.0,0.3920126259326935,0.5737048387527466,0.6337617039680481,0.8978925347328186,0.21227800846099854,0.4655131995677948,0.7945186495780945,0.0
100,,,,,,,,,,,,,,,,,,-5.517771244049072,1.7341530110570602e-05,-0.05258888378739357,0.0008582095033489168,,,,,,,,,,,,,,6.49916410446167,0.018847942352294922,29.0,0.2000984102487564,27.360000610351562,1.978874921798706,-0.2654344141483307,-1.8291719925400685e-06,0.4004596173763275,0.5693976879119873,0.6170184016227722,0.8833945393562317,0.20522159337997437,0.4620842933654785,0.8028944134712219,0.0
101,,,,,,,,,,,,,,,,,,-5.514474391937256,1.7341530110570602e-05,-0.05641946941614151,0.001011827727779746,,,,,,,,,,,,,,6.26828670501709,0.016417980194091797,30.0,0.20016168057918549,27.389999389648438,1.9829738140106201,-0.2655939757823944,0.0,0.4091881811618805,0.5855054259300232,0.617409348487854,0.8906309604644775,0.20914559066295624,0.46318015456199646,0.7965802550315857,0.0
102,,,,,,,,,,,,,,,,,,-5.504453182220459,1.7341530110570602e-05,-0.045197226107120514,0.0010046693496406078,,,,,,,,,,,,,,6.745509147644043,0.019280672073364258,28.0,0.20022569596767426,27.290000915527344,1.9872331619262695,-0.26299339532852173,0.0,0.4078103005886078,0.5944663286209106,0.6524154543876648,0.9032328724861145,0.2162979394197464,0.4679776728153229,0.8047599792480469,0.0
103,,,,,,,,,,,,,,,,,,-5.495664119720459,2.60122942563612e-05,-0.056480828672647476,0.0011354911839589477,,,,,,,,,,,,,,7.603087902069092,0.023046016693115234,25.0,0.20029956102371216,27.270000457763672,1.9907904863357544,-0.2660438120365143,0.0,0.37754175066947937,0.567936360836029,0.6166749596595764,0.8883795738220215,0.19917750358581543,0.4632425010204315,0.7993513941764832,0.0
104,-0.055269405245780945,-4.4693226186609536e-07,0.0772542655467987,0.1162521094083786,0.1252085417509079,0.17987078428268433,0.04121088981628418,0.0942702442407608,0.16303546726703644,0.0,0.0,0.0,0.0,0.0,0.0,1.0,0.0,-5.4866814613342285,1.7341530110570602e-05,-0.04952388256788254,0.0009884717874228954,1.9337879419326782,0.9078159332275391,0.16733966767787933,0.7402021884918213,3.4350366592407227,0.9079697132110596,0.1689198613166809,0.5282144546508789,0.5236701369285583,10.229959487915039,0.0,0.0,0.0,6.416248798370361,0.01711106300354004,29.0,0.2003338634967804,27.219999313354492,1.9922608137130737,-0.27178457379341125,-2.5139941044471925e-06,0.4118173122406006,0.5875241756439209,0.6126453280448914,0.8841390013694763,0.21076364815235138,0.46390798687934875,0.8013687133789062,0.0
105,,,,,,,,,,,,,,,,,,-5.487643241882324,2.60122942563612e-05,-0.05024300515651703,0.0016541022341698408,,,,,,,,,,,,,,7.487499237060547,0.03113698959350586,25.0,0.2002674788236618,27.229999542236328,1.9957329034805298,-0.2692420184612274,0.0,0.3899889886379242,0.5745615363121033,0.604265034198761,0.8835277557373047,0.2011047601699829,0.46297773718833923,0.7972851395606995,0.0
106,-0.0566532202064991,-4.608203951761425e-08,0.07838954031467438,0.1159619688987732,0.12203659117221832,0.1794464886188507,0.04138888791203499,0.09445984661579132,0.16335318982601166,0.0,0.0,0.0,0.0,0.0,0.0,1.2000000476837158,0.0,-5.502376556396484,2.60122942563612e-05,-0.04389069974422455,0.0025579503271728754,2.1213300228118896,1.0506677627563477,0.18690551817417145,0.7393561005592346,3.6929430961608887,0.9928522109985352,0.18752476572990417,0.5667808055877686,0.5141547918319702,10.308655738830566,0.0,0.0,0.0,9.35405158996582,0.026378870010375977,20.0,0.20015238225460052,27.219999313354492,1.9958521127700806,-0.27443334460258484,-1.620071685692892e-07,0.39229050278663635,0.568520724773407,0.6091014742851257,0.8789275288581848,0.20904308557510376,0.4615882933139801,0.8023272156715393,0.0
107,-0.053320467472076416,0.0,0.07770002633333206,0.11511937528848648,0.12430599331855774,0.17993909120559692,0.041866883635520935,0.09442763775587082,0.16574697196483612,0.0,0.0,0.0,0.0,0.1666666716337204,0.0,1.3333333730697632,0.0,-5.514760971069336,2.60122942563612e-05,-0.053052641451358795,0.0016484367661178112,2.4441959857940674,1.052282452583313,0.1831604242324829,0.7959486842155457,3.819965124130249,0.9726313948631287,0.18876469135284424,0.5655674338340759,0.5223892331123352,8.775359153747559,0.0,0.0,0.0,11.160806655883789,0.020812034606933594,17.0,0.2001025378704071,27.200000762939453,1.9988139867782593,-0.26722922921180725,0.0,0.38407155871391296,0.5859839916229248,0.630940854549408,0.890113353729248,0.21065489947795868,0.4644376337528229,0.8058054447174072,0.0
108,,,,,,,,,,,,,,,,,,-5.521199703216553,2.60122942563612e-05,-0.051151931285858154,0.0010673502692952752,,,,,,,,,,,,,,7.779238224029541,0.021155834197998047,24.0,0.20006315410137177,27.06999969482422,1.9992291927337646,-0.2629263401031494,0.0,0.38555052876472473,0.5884771943092346,0.6438930630683899,0.8999395370483398,0.21256400644779205,0.46713945269584656,0.8073246479034424,0.0
109,,,,,,,,,,,,,,,,,,-5.524887561798096,2.60122942563612e-05,-0.055251725018024445,0.00170048582367599,,,,,,,,,,,,,,7.065484046936035,0.018604040145874023,27.0,0.2000642567873001,27.1299991607666,2.0023322105407715,-0.2713319957256317,0.0,0.4032233655452728,0.5852397084236145,0.6167891621589661,0.8849838376045227,0.2115178108215332,0.4622248709201813,0.8051280975341797,0.0
110,,,,,,,,,,,,,,,,,,-5.523918628692627,1.7341530110570602e-05,-0.04543735086917877,0.0011565634049475193,,,,,,,,,,,,,,6.506314277648926,0.017102718353271484,29.0,0.2000717967748642,27.18000030517578,2.005216121673584,-0.26790133118629456,0.0,0.3963052034378052,0.5815761089324951,0.6426712274551392,0.8922174572944641,0.2142595797777176,0.4632793962955475,0.8060591220855713,0.0
111,,,,,,,,,,,,,,,,,,-5.526273250579834,2.60122942563612e-05,-0.046857282519340515,0.0011196163250133395,,,,,,,,,,,,,,8.127616882324219,0.020966053009033203,23.0,0.200019970536232,27.239999771118164,2.008728504180908,-0.27050313353538513,0.0,0.3812176287174225,0.5645626783370972,0.6069150567054749,0.8795693516731262,0.20280706882476807,0.46086302399635315,0.8111492991447449,0.0
112,-0.05439111962914467,0.0,0.07926017791032791,0.11763686686754227,0.1271911859512329,0.1800438016653061,0.04259040579199791,0.09372986853122711,0.16338808834552765,0.0,0.0,0.0,0.0,0.0,0.0,1.1428571939468384,0.0,-5.535846710205078,1.7341530110570602e-05,-0.05888647586107254,0.0010501095093786716,1.7060184478759766,0.9386088252067566,0.16792719066143036,0.7484984993934631,3.4116199016571045,0.8994219899177551,0.16968660056591034,0.5253514051437378,0.504618227481842,9.800175666809082,0.0,0.0,0.0,6.503069877624512,0.01699090003967285,29.0,0.19995643198490143,27.229999542236328,2.0108230113983154,-0.2664051949977875,0.0,0.38718971610069275,0.5745934844017029,0.625111997127533,0.8896308541297913,0.20305491983890533,0.46352171897888184,0.8125640749931335,0.0
113,,,,,,,,,,,,,,,,,,-5.5452375411987305,2.60122942563612e-05,-0.04333202540874481,0.0009397841640748084,,,,,,,,,,,,,,6.583632469177246,0.01720714569091797,29.0,0.1998753398656845,27.299999237060547,2.0153000354766846,-0.27042636275291443,0.0,0.37431418895721436,0.567987859249115,0.6111926436424255,0.8812726140022278,0.19702790677547455,0.46099531650543213,0.8078470826148987,0.0
114,,,,,,,,,,,,,,,,,,-5.557570457458496,2.60122942563612e-05,-0.05053795874118805,0.0008516897214576602,,,,,,,,,,,,,,6.526893615722656,0.0175631046295166,29.0,0.19979941844940186,27.260000228881836,2.016659736633301,-0.2709084153175354,0.0,0.41079434752464294,0.5974130034446716,0.6471388936042786,0.903480589389801,0.21134118735790253,0.4674711227416992,0.8117544054985046,0.0
115,,,,,,,,,,,,,,,,,,-5.567978858947754,1.7341530110570602e-05,-0.06705529987812042,0.0010906512616202235,,,,,,,,,,,,,,6.376988887786865,0.02277398109436035,30.0,0.19973662495613098,27.280000686645508,2.01810622215271,-0.275985449552536,-6.406473858078243e-07,0.4066833555698395,0.5954264402389526,0.6431058049201965,0.8998581767082214,0.20999504625797272,0.46901974081993103,0.8074658513069153,0.0
116,,,,,,,,,,,,,,,,,,-5.575972080230713,2.60122942563612e-05,-0.04831717163324356,0.0007921031792648137,,,,,,,,,,,,,,6.409567832946777,0.017123937606811523,29.0,0.19968640804290771,27.270000457763672,2.0180623531341553,-0.2697697877883911,-4.391476693399454e-08,0.3852343261241913,0.5913310050964355,0.6486287713050842,0.8977241516113281,0.21081936359405518,0.46506157517433167,0.8083210587501526,0.0
117,,,,,,,,,,,,,,,,,,-5.5807037353515625,1.7341530110570602e-05,-0.056270405650138855,0.0013471223646774888,,,,,,,,,,,,,,6.392336845397949,0.01848292350769043,29.0,0.19967436790466309,27.350000381469727,2.02225661277771,-0.26774927973747253,0.0,0.4071623384952545,0.5840096473693848,0.6209248900413513,0.8826425075531006,0.2102377861738205,0.4593714773654938,0.8094527721405029,0.0
118,-0.05239122733473778,0.0,0.08459118008613586,0.12175033241510391,0.12841618061065674,0.17928488552570343,0.04470565542578697,0.09349817782640457,0.16333074867725372,0.0,0.0,0.0,0.0,0.0,0.0,1.0,0.0,-5.582824230194092,2.60122942563612e-05,-0.05269836261868477,0.0010581427486613393,1.3775768280029297,0.8411921858787537,0.15445257723331451,0.7217846512794495,3.084432363510132,0.8311015963554382,0.17056162655353546,0.5467278361320496,0.518240213394165,9.59571647644043,0.0,0.0,0.0,6.316664695739746,0.016566991806030273,30.0,0.1996619552373886,27.299999237060547,2.0255026817321777,-0.2816776931285858,0.0,0.4262622594833374,0.6016944050788879,0.6340541243553162,0.8945809006690979,0.22876761853694916,0.467349648475647,0.8185641765594482,0.0
119,-0.057325828820466995,0.0,0.08457645028829575,0.11666759103536606,0.12424421310424805,0.1761033833026886,0.045669328421354294,0.0922846570611,0.162992462515831,0.0,0.0,0.0,0.0,0.20000000298023224,0.0,1.2000000476837158,0.0,-5.584025859832764,1.7341530110570602e-05,-0.0540851354598999,0.0008799249771982431,1.5681239366531372,0.9486115574836731,0.17756113409996033,0.7651792764663696,3.231222629547119,0.9304484128952026,0.18969324231147766,0.5716290473937988,0.5323700904846191,9.495382308959961,0.0,0.0,0.0,6.278531074523926,0.01647186279296875,30.0,0.1996610313653946,27.34000015258789,2.025874376296997,-0.26662054657936096,0.0,0.4154597222805023,0.5962163805961609,0.6344651579856873,0.8868401646614075,0.22332893311977386,0.4637249708175659,0.8117325901985168,0.0
120,,,,,,,,,,,,,,,,,,-5.5841145515441895,2.60122942563612e-05,-0.04830659180879593,0.00126843829639256,,,,,,,,,,,,,,8.809069633483887,0.022496938705444336,21.0,0.19966460764408112,27.350000381469727,2.0307042598724365,-0.27487024664878845,0.0,0.3835988938808441,0.5846803784370422,0.6252087950706482,0.8854455351829529,0.20489025115966797,0.4616716802120209,0.8104189038276672,0.0
121,,,,,,,,,,,,,,,,,,-5.581724643707275,2.60122942563612e-05,-0.045394573360681534,0.006243799813091755,,,,,,,,,,,,,,6.322339057922363,0.016826152801513672,30.0,0.19969813525676727,27.329999923706055,2.032527446746826,-0.2717694938182831,-2.2671265753615444e-08,0.3979376256465912,0.5855147838592529,0.6150131821632385,0.8900506496429443,0.2032826691865921,0.46516671776771545,0.8060992360115051,0.0
122,-0.052574895322322845,-3.2243576697510434e-09,0.08427391946315765,0.12222931534051895,0.12688036262989044,0.18304511904716492,0.04384078457951546,0.09608504921197891,0.167901873588562,0.0,0.0,0.0,0.0,0.20000000298023224,0.0,1.0,0.0,-5.571084022521973,2.60122942563612e-05,-0.05720900371670723,0.0029651308432221413,1.5104981660842896,0.8960115313529968,0.17990681529045105,0.7438600659370422,3.2813758850097656,0.924103856086731,0.17824150621891022,0.556140124797821,0.5398654341697693,9.613031387329102,0.0,0.0,0.0,6.352552890777588,0.017000198364257812,30.0,0.19982032477855682,27.399999618530273,2.0377116203308105,-0.25862860679626465,0.0,0.43523848056793213,0.6138631701469421,0.644369900226593,0.8952274322509766,0.240004301071167,0.4662121534347534,0.8111754059791565,0.0
123,,,,,,,,,,,,,,,,,,-5.557215690612793,1.7341530110570602e-05,-0.056246984750032425,0.0024603810161352158,,,,,,,,,,,,,,6.409791946411133,0.017168283462524414,29.0,0.19986934959888458,27.389999389648438,2.0411570072174072,-0.2659422755241394,0.0,0.4180152416229248,0.6125758290290833,0.652954638004303,0.9002894759178162,0.23723505437374115,0.4689143896102905,0.8194782137870789,0.0
124,,,,,,,,,,,,,,,,,,-5.553592681884766,2.60122942563612e-05,-0.051862962543964386,0.002498835325241089,,,,,,,,,,,,,,6.350183010101318,0.016190052032470703,30.0,0.19987162947654724,27.399999618530273,2.04361629486084,-0.2757854461669922,0.0,0.40348437428474426,0.5869643092155457,0.6245341897010803,0.8873001933097839,0.21113495528697968,0.4632771909236908,0.8139849305152893,0.0
125,,,,,,,,,,,,,,,,,,-5.554537773132324,1.7341530110570602e-05,-0.052299175411462784,0.0010640581604093313,,,,,,,,,,,,,,6.415560722351074,0.018393993377685547,29.0,0.19985979795455933,27.350000381469727,2.047367811203003,-0.27378329634666443,0.0,0.4117845594882965,0.6094450354576111,0.6304859519004822,0.8974747657775879,0.22208289802074432,0.46769240498542786,0.8139072060585022,0.0
126,,,,,,,,,,,,,,,,,,-5.556202411651611,2.60122942563612e-05,-0.05118600279092789,0.0006888569332659245,,,,,,,,,,,,,,6.3475141525268555,0.017019987106323242,30.0,0.1998513787984848,27.3700008392334,2.049377918243408,-0.2720550000667572,0.0,0.39239072799682617,0.5814455151557922,0.6020348072052002,0.8802772164344788,0.2032238245010376,0.4632950723171234,0.8111373782157898,0.0
127,-0.056310296058654785,0.0,0.08097535371780396,0.1197390928864479,0.12884293496608734,0.18252941966056824,0.04366699978709221,0.09522192180156708,0.16854701936244965,0.0,0.0,0.0,0.0,0.0,0.0,1.399999976158142,0.0,-5.556369304656982,1.7341530110570602e-05,-0.05224689096212387,0.0007637616945430636,1.8018596172332764,0.9711149334907532,0.18192048370838165,0.7627484798431396,3.8947994709014893,1.002065658569336,0.18558451533317566,0.5726035833358765,0.5105662941932678,10.109023094177246,0.0,0.0,0.0,6.342424392700195,0.01653599739074707,30.0,0.19985109567642212,27.3799991607666,2.0520541667938232,-0.26872947812080383,0.0,0.40363776683807373,0.5915877819061279,0.6467544436454773,0.8944368958473206,0.22462652623653412,0.4663885831832886,0.8186632990837097,0.0
