iteration,Loss/entropy,Loss/learning_rate,Loss/surrogate,Loss/value,Perf/collection_time,Perf/learning_time,Perf/total_fps,Policy/mean_std,Train/mean_episode_length,Train/mean_reward,reward/action_rate,reward/bowling,reward/failure,reward/upright
0,-1.5322273969650269,6.666666740784422e-05,-0.04060165584087372,0.0358317531645298,1.0706191062927246,0.015299081802368164,88.0,0.19959639012813568,,,-0.006081966683268547,0.33651211857795715,0.0,0.9996752142906189
1,-1.5451246500015259,0.0003375000087544322,-0.02215610444545746,0.045665401965379715,0.9392399787902832,0.01117086410522461,101.0,0.19912089407444,,,-0.006855557207018137,0.4771566092967987,0.0,0.9997501373291016
2,-1.5829020738601685,9.999999747378752e-05,-0.05314735323190689,0.025611918419599533,0.961496114730835,0.010831117630004883,98.0,0.1980845183134079,,,-0.006876163650304079,0.478069931268692,0.0,0.9997155070304871
3,-1.6199208498001099,0.0001500000071246177,-0.02938869036734104,0.023608338087797165,0.9845168590545654,0.01434326171875,96.0,0.19705240428447723,,,-0.0064606270752847195,0.47633591294288635,0.0,0.9997339248657227
4,-1.6625038385391235,0.0003375000087544322,-0.028684964403510094,0.028924522921442986,1.0938301086425781,0.010704994201660156,86.0,0.19610244035720825,,,-0.006172757595777512,0.47899600863456726,0.0,0.9996578097343445
5,-1.699609398841858,6.666666740784422e-05,-0.035035476088523865,0.013410748913884163,0.9542508125305176,0.011615991592407227,99.0,0.19550137221813202,,,-0.006592324003577232,0.48121097683906555,0.0,0.9997562766075134
6,-1.7134075164794922,4.444444493856281e-05,-0.025614311918616295,0.018767099827528,0.965742826461792,0.01080012321472168,98.0,0.19537828862667084,,,-0.006966617424041033,0.4815741777420044,0.0,0.9996709823608398
7,-1.7187402248382568,0.0003375000087544322,-0.013012195006012917,0.028451532125473022,0.9762089252471924,0.010854959487915039,97.0,0.1951131373643875,,,-0.005911896005272865,0.4874676465988159,0.0,0.9997257590293884
8,-1.741231918334961,9.999999747378752e-05,-0.0485263429582119,0.04946953430771828,0.9437382221221924,0.010791778564453125,100.0,0.1944500356912613,200.0,5.825284004211426,-0.0057736835442483425,0.341583251953125,0.0,0.999685525894165
9,-1.7646065950393677,0.0001500000071246177,-0.03470161184668541,0.044653214514255524,0.9847559928894043,0.010700225830078125,96.0,0.19393645226955414,200.0,5.825284004211426,-0.005720242857933044,0.4741404950618744,0.0,0.9995779991149902
10,-1.8050709962844849,0.0001500000071246177,-0.03451288118958473,0.01227643247693777,0.9585161209106445,0.011054754257202148,99.0,0.1923249512910843,200.0,5.825284004211426,-0.005374925211071968,0.4799661338329315,0.0,0.9996085166931152
11,-1.8656258583068848,9.999999747378752e-05,-0.044740669429302216,0.008337868377566338,0.9535179138183594,0.01087188720703125,99.0,0.19125692546367645,200.0,5.825284004211426,-0.00615960406139493,0.48042091727256775,0.0,0.9996960163116455
12,-1.8921778202056885,9.999999747378752e-05,-0.036166392266750336,0.007102199364453554,0.9823179244995117,0.01194310188293457,96.0,0.1910638064146042,200.0,5.825284004211426,-0.005213223397731781,0.48541131615638733,0.0,0.9996703267097473
13,-1.8999607563018799,9.999999747378752e-05,-0.031461670994758606,0.009003991261124611,0.981734037399292,0.011295080184936523,96.0,0.1908646672964096,200.0,5.825284004211426,-0.005657022353261709,0.48391398787498474,0.0,0.9996764063835144
14,-1.9074687957763672,0.00022499999613501132,-0.021214071661233902,0.008057847619056702,0.9586701393127441,0.010714054107666016,99.0,0.19082294404506683,200.0,5.825284004211426,-0.0057324133813381195,0.4887683093547821,0.0,0.9996203780174255
15,-1.9048421382904053,4.444444493856281e-05,-0.028403105214238167,0.006280352361500263,0.9566357135772705,0.010565996170043945,99.0,0.1909065693616867,200.0,5.825284004211426,-0.005169157404452562,0.4837527573108673,0.0,0.9994818568229675
16,-1.9004822969436646,9.999999747378752e-05,-0.021031968295574188,0.010399803519248962,1.0767109394073486,0.012382030487060547,88.0,0.19105805456638336,200.0,5.832094192504883,-0.006051798816770315,0.3867441415786743,0.0,0.9994010329246521
17,-1.895086646080017,6.666666740784422e-05,-0.03511612489819527,0.02020922116935253,0.974362850189209,0.010902166366577148,97.0,0.19112913310527802,200.0,5.832094192504883,-0.006661675870418549,0.4276270568370819,0.0,0.9994530081748962
18,-1.9015703201293945,9.999999747378752e-05,-0.022633688524365425,0.006740320939570665,0.9838080406188965,0.015129804611206055,96.0,0.19068239629268646,200.0,5.832094192504883,-0.005714749451726675,0.46575698256492615,0.0,0.9991846084594727
19,-1.9191100597381592,0.0003375000087544322,-0.018034454435110092,0.005780459847301245,1.0054900646209717,0.010740995407104492,94.0,0.19056446850299835,200.0,5.832094192504883,-0.005838538054376841,0.4775574207305908,0.0,0.9993297457695007
20,-1.9095484018325806,6.666666740784422e-05,-0.044257424771785736,0.004112208727747202,0.9833321571350098,0.010800838470458984,96.0,0.1910036951303482,200.0,5.832094192504883,-0.005235253367573023,0.4825434386730194,0.0,0.9992790222167969
21,-1.9031351804733276,9.999999747378752e-05,-0.024891264736652374,0.002369079738855362,0.9732050895690918,0.01083683967590332,97.0,0.1908760815858841,200.0,5.832094192504883,-0.005940746515989304,0.48276570439338684,0.0,0.9992566704750061
22,-1.9156683683395386,9.999999747378752e-05,-0.020235512405633926,0.003911662381142378,0.964022159576416,0.010555744171142578,98.0,0.19043441116809845,200.0,5.832094192504883,-0.006016897037625313,0.4811364412307739,0.0,0.999095618724823
23,-1.9348987340927124,9.999999747378752e-05,-0.021416865289211273,0.005573004484176636,0.9904367923736572,0.010929107666015625,95.0,0.18988613784313202,200.0,5.832094192504883,-0.006939604878425598,0.47581812739372253,0.0,0.9990088939666748
24,-1.955397605895996,6.666666740784422e-05,-0.03306089714169502,0.0033959064166992903,0.9772160053253174,0.01070713996887207,97.0,0.18950994312763214,200.0,5.826344966888428,-0.0059120976366102695,0.4829486608505249,0.0,0.9987966418266296
25,-1.9699701070785522,9.999999747378752e-05,-0.024298790842294693,0.04630238935351372,0.9772799015045166,0.010746002197265625,97.0,0.18919986486434937,200.0,5.826344966888428,-0.005491478368639946,0.32184773683547974,0.0,0.9996352791786194
26,-1.9879904985427856,6.666666740784422e-05,-0.027209309861063957,0.00732939038425684,0.9698188304901123,0.01079702377319336,97.0,0.18870776891708374,200.0,5.826344966888428,-0.005384927149862051,0.4839000701904297,0.0,0.9988189339637756
27,-2.0074119567871094,6.666666740784422e-05,-0.021616192534565926,0.0072701470926404,0.9742703437805176,0.010439872741699219,97.0,0.188287615776062,200.0,5.826344966888428,-0.005694136023521423,0.47857174277305603,0.0,0.9986513257026672
28,-2.0223538875579834,6.666666740784422e-05,-0.022507788613438606,0.003314419649541378,0.9542961120605469,0.010560035705566406,99.0,0.18807034194469452,200.0,5.826344966888428,-0.00550813227891922,0.48144662380218506,0.0,0.9984757304191589
29,-2.027244806289673,0.00022499999613501132,-0.01592000387609005,0.0025677168741822243,0.95725417137146,0.011129140853881836,99.0,0.1880067139863968,200.0,5.826344966888428,-0.00590672018006444,0.48115384578704834,0.0,0.9982855916023254
30,-2.029512405395508,6.666666740784422e-05,-0.02030453458428383,0.0019076537573710084,0.9740481376647949,0.01074671745300293,97.0,0.18797428905963898,200.0,5.826344966888428,-0.005447419360280037,0.48372721672058105,0.0,0.997979462146759
31,-2.029118776321411,9.999999747378752e-05,-0.02329850010573864,0.0028126873075962067,0.9852428436279297,0.010808229446411133,96.0,0.18805630505084991,200.0,5.826344966888428,-0.005257714074105024,0.48336395621299744,0.0,0.9979849457740784
32,-2.0259406566619873,4.444444493856281e-05,-0.027775434777140617,0.001660680747590959,0.961292028427124,0.01073312759399414,98.0,0.18804971873760223,200.0,5.826344966888428,-0.0056129260919988155,0.4874309003353119,0.0,0.9977695941925049
33,-2.024829387664795,0.00022499999613501132,-0.023112846538424492,0.03755619376897812,0.9714539051055908,0.010730266571044922,97.0,0.18820486962795258,200.0,5.8258185386657715,-0.005616467911750078,0.3254205286502838,0.0,0.9987897872924805
34,-2.015531063079834,4.444444493856281e-05,-0.017820565029978752,0.0042787413112819195,0.9758808612823486,0.010601997375488281,97.0,0.1883305460214615,200.0,5.8258185386657715,-0.005538493860512972,0.4861932694911957,0.0,0.9988856315612793
35,-2.0139319896698,6.666666740784422e-05,-0.02755890041589737,0.009423037059605122,0.9672613143920898,0.010586738586425781,98.0,0.18829049170017242,200.0,5.8258185386657715,-0.006166400387883186,0.48865458369255066,0.0,0.9976990222930908
36,-2.0170669555664062,9.999999747378752e-05,-0.010623439215123653,0.004275964107364416,0.9537417888641357,0.010919332504272461,99.0,0.18813377618789673,200.0,5.8258185386657715,-0.005337411072105169,0.4921567440032959,0.0,0.9974865913391113
37,-2.0238378047943115,6.666666740784422e-05,-0.017855314537882805,0.0026581198908388615,0.9836652278900146,0.010623931884765625,96.0,0.18795053660869598,200.0,5.8258185386657715,-0.00584067776799202,0.4942910373210907,0.0,0.9972612261772156
38,-2.0268666744232178,6.666666740784422e-05,-0.023455549031496048,0.0011611605295911431,0.957089900970459,0.010833263397216797,99.0,0.18803851306438446,200.0,5.8258185386657715,-0.005479027982801199,0.4990941286087036,0.0,0.9970727562904358
39,-2.021582841873169,4.444444493856281e-05,-0.033817168325185776,0.002218705601990223,0.9509298801422119,0.010647058486938477,99.0,0.18809805810451508,200.0,5.8258185386657715,-0.00562899187207222,0.49987852573394775,0.0,0.997236430644989
40,-2.021552562713623,9.999999747378752e-05,-0.014455313794314861,0.0009511269745416939,0.9382741451263428,0.010886907577514648,101.0,0.1880916953086853,200.0,5.8258185386657715,-0.005922484677284956,0.5003116726875305,0.0,0.9967783093452454
41,-2.022610902786255,6.666666740784422e-05,-0.021064046770334244,0.01597677357494831,0.9538228511810303,0.010531187057495117,99.0,0.18803204596042633,200.0,5.833536148071289,-0.0061395601369440556,0.37568867206573486,0.0,0.9977441430091858
42,-2.025775194168091,6.666666740784422e-05,-0.027292199432849884,0.008751732297241688,0.9367611408233643,0.01077890396118164,101.0,0.18795830011367798,200.0,5.833536148071289,-0.005989006254822016,0.42833852767944336,0.0,0.9990131258964539
43,-2.027135133743286,6.666666740784422e-05,-0.026581518352031708,0.004084247630089521,0.9573960304260254,0.01047968864440918,99.0,0.18803636729717255,200.0,5.833536148071289,-0.005768644157797098,0.4927907884120941,0.0,0.997311532497406
44,-2.0175747871398926,6.666666740784422e-05,-0.0188617967069149,0.0014013608451932669,0.9523801803588867,0.010782003402709961,99.0,0.18846088647842407,200.0,5.833536148071289,-0.005820511374622583,0.4879668951034546,0.0,0.9977399706840515
45,-1.9995619058609009,0.0001500000071246177,-0.030376125127077103,0.0015251911245286465,0.9610850811004639,0.010746002197265625,98.0,0.18890948593616486,200.0,5.833536148071289,-0.006194828078150749,0.4957024157047272,0.0,0.9973722100257874
46,-1.9842429161071777,4.444444493856281e-05,-0.0200843196362257,0.0010479505872353911,0.9583938121795654,0.010802030563354492,99.0,0.18904872238636017,200.0,5.833536148071289,-0.0048326351679861546,0.5064321160316467,0.0,0.9968827366828918
47,-1.980293869972229,9.999999747378752e-05,-0.01748979091644287,0.0008229352533817291,0.9386560916900635,0.011016130447387695,101.0,0.18920712172985077,200.0,5.833536148071289,-0.005254942458122969,0.5136352181434631,0.0,0.9965169429779053
48,-1.9719141721725464,2.9629629352712072e-05,-0.02885964699089527,0.0005927556776441634,0.9248981475830078,0.010626792907714844,102.0,0.189356729388237,200.0,5.833536148071289,-0.00572701171040535,0.5080812573432922,0.0,0.9964471459388733
49,-1.9682011604309082,2.9629629352712072e-05,-0.030831683427095413,0.0009234289173036814,0.9249682426452637,0.010671854019165039,102.0,0.18939073383808136,200.0,5.84186315536499,-0.006109151989221573,0.5102019309997559,0.0,0.996178925037384
50,-1.9652979373931885,0.0001500000071246177,-0.0243555698543787,0.01385895162820816,0.964576005935669,0.010575056076049805,98.0,0.18957096338272095,200.0,5.84186315536499,-0.005206035915762186,0.3051522970199585,0.0,0.9995083212852478
51,-1.954575777053833,6.666666740784422e-05,-0.025988388806581497,0.004126673098653555,0.9532570838928223,0.010730981826782227,99.0,0.18982504308223724,200.0,5.84186315536499,-0.0053644380532205105,0.5012564659118652,0.0,0.997516930103302
52,-1.9470449686050415,6.666666740784422e-05,-0.03146738559007645,0.0024849053006619215,0.9350540637969971,0.010683774948120117,101.0,0.18990547955036163,200.0,5.84186315536499,-0.006059385370463133,0.4984302520751953,0.0,0.9971781373023987
53,-1.9462385177612305,2.9629629352712072e-05,-0.02915102429687977,0.0010414429707452655,0.934657096862793,0.01116800308227539,101.0,0.18987520039081573,200.0,5.84186315536499,-0.0066083320416510105,0.4998767375946045,0.0,0.9967153668403625
54,-1.9446161985397339,0.00022499999613501132,-0.009770634584128857,0.000803614966571331,0.9383401870727539,0.011934995651245117,101.0,0.19010598957538605,200.0,5.84186315536499,-0.0054139564745128155,0.5069465637207031,0.0,0.9961277842521667
55,-1.9338096380233765,2.9629629352712072e-05,-0.03915545344352722,0.0009262203820981085,0.9228949546813965,0.011526107788085938,102.0,0.19022591412067413,200.0,5.84186315536499,-0.005718457046896219,0.5070830583572388,0.0,0.9956722259521484
56,-1.9362033605575562,9.999999747378752e-05,-0.016373351216316223,0.0007718243869021535,0.9524199962615967,0.011569976806640625,99.0,0.1900114268064499,200.0,5.84186315536499,-0.006112029775977135,0.5138447880744934,0.0,0.9952521324157715
57,-1.94320809841156,4.444444493856281e-05,-0.027453942224383354,0.0006364369764924049,0.9625430107116699,0.010272026062011719,98.0,0.19002406299114227,200.0,5.84186315536499,-0.005899700801819563,0.49982813000679016,0.0,0.9957728385925293
58,-1.936078429222107,0.0001500000071246177,-0.016756338998675346,0.006316663231700659,0.9679989814758301,0.010470151901245117,98.0,0.19042068719863892,200.0,5.848205089569092,-0.005615939851850271,0.3361251652240753,0.0,0.9983348846435547
59,-1.9209439754486084,9.999999747378752e-05,-0.017108319327235222,0.001009498257189989,0.9538369178771973,0.01309514045715332,99.0,0.19051550328731537,200.0,5.848205089569092,-0.005938861519098282,0.4935998022556305,0.0,0.9986929297447205
60,-1.9242048263549805,9.999999747378752e-05,-0.020341074094176292,0.0008793571614660323,0.9288201332092285,0.01023101806640625,102.0,0.19027043879032135,200.0,5.848205089569092,-0.005377494264394045,0.5072746872901917,0.0,0.9966477751731873
61,-1.9347847700119019,4.444444493856281e-05,-0.032387424260377884,0.0010254621738567948,0.9477310180664062,0.011841058731079102,100.0,0.1901092380285263,200.0,5.848205089569092,-0.006426558364182711,0.5000903010368347,0.0,0.9967812895774841
62,-1.9376627206802368,4.444444493856281e-05,-0.03061206266283989,0.0007425046060234308,0.9247210025787354,0.01034402847290039,102.0,0.19007597863674164,200.0,5.848205089569092,-0.006039278116077185,0.5061732530593872,0.0,0.9956462979316711
63,-1.9416934251785278,0.0001500000071246177,-0.0073279691860079765,0.0008681999752297997,0.9347610473632812,0.010564088821411133,101.0,0.18984563648700714,200.0,5.848205089569092,-0.005449702963232994,0.5015841722488403,0.0,0.9960294365882874
64,-1.9517384767532349,2.9629629352712072e-05,-0.03141990676522255,0.0006959659513086081,0.9205842018127441,0.010185003280639648,103.0,0.18970352411270142,200.0,5.848205089569092,-0.005879980977624655,0.5004691481590271,0.0,0.995976448059082
65,-1.9552929401397705,6.666666740784422e-05,-0.014219372533261776,0.0006338676321320236,0.9263219833374023,0.015597820281982422,101.0,0.18961016833782196,200.0,5.848205089569092,-0.005662343930453062,0.498281866312027,0.0,0.996146023273468
66,-1.9577158689498901,4.444444493856281e-05,-0.025827359408140182,0.0047583687119185925,0.9487318992614746,0.010643959045410156,100.0,0.18964426219463348,200.0,5.852867126464844,-0.0057783001102507114,0.3848452866077423,0.0,0.9969522356987
67,-1.956888198852539,4.444444493856281e-05,-0.032433778047561646,0.010178117081522942,0.9230279922485352,0.010786056518554688,102.0,0.18963082134723663,200.0,5.852867126464844,-0.006204074714332819,0.4264335632324219,0.0,0.9989194869995117
68,-1.9580566883087158,6.666666740784422e-05,-0.020530611276626587,0.002279619686305523,0.9537060260772705,0.010577917098999023,99.0,0.18960434198379517,200.0,5.852867126464844,-0.005558300297707319,0.4876706600189209,0.0,0.9971508979797363
69,-1.9588712453842163,4.444444493856281e-05,-0.03211605176329613,0.001448207302019,0.9388978481292725,0.011619806289672852,100.0,0.18960191309452057,200.0,5.852867126464844,-0.005647497717291117,0.48871901631355286,0.0,0.9974331855773926
70,-1.9607056379318237,4.444444493856281e-05,-0.02108594961464405,0.000710529915522784,0.9357521533966064,0.010751008987426758,101.0,0.1895090490579605,200.0,5.852867126464844,-0.005622196942567825,0.48766669631004333,0.0,0.9972572922706604
71,-1.9666556119918823,6.666666740784422e-05,-0.02438613772392273,0.0007789781666360795,0.9306809902191162,0.01057291030883789,101.0,0.1893497109413147,200.0,5.852867126464844,-0.005377970170229673,0.4881574809551239,0.0,0.9975290298461914
72,-1.968971848487854,6.666666740784422e-05,-0.021238379180431366,0.0010067136026918888,0.9334769248962402,0.010531187057495117,101.0,0.1894320398569107,200.0,5.852867126464844,-0.0056639499962329865,0.48649635910987854,0.0,0.9976911544799805
73,-1.9659628868103027,4.444444493856281e-05,-0.017190517857670784,0.0005664558266289532,0.9427280426025391,0.010589838027954102,100.0,0.18942534923553467,200.0,5.852867126464844,-0.005691658239811659,0.48722150921821594,0.0,0.9975693821907043
74,-1.9696098566055298,4.444444493856281e-05,-0.018734466284513474,0.0007132083992473781,0.940514087677002,0.010571002960205078,100.0,0.18928150832653046,200.0,5.850923538208008,-0.005689879879355431,0.4862368404865265,0.0,0.9975652694702148
75,-1.973610520362854,9.999999747378752e-05,-0.02645425871014595,0.010887986049056053,0.9552550315856934,0.010795116424560547,99.0,0.18921935558319092,200.0,5.850923538208008,-0.005521405953913927,0.3224899172782898,0.0,0.9995952248573303
76,-1.981957197189331,9.999999747378752e-05,-0.020228037610650063,0.0009442286100238562,0.9334001541137695,0.01063084602355957,101.0,0.18898433446884155,200.0,5.850923538208008,-0.0052522458136081696,0.4915781021118164,0.0,0.9982543587684631
77,-1.989041805267334,6.666666740784422e-05,-0.023009467869997025,0.0010830024257302284,0.927177906036377,0.011725187301635742,102.0,0.18895237147808075,200.0,5.850923538208008,-0.005601685494184494,0.49245724081993103,0.0,0.9976187348365784
78,-1.9913227558135986,2.9629629352712072e-05,-0.029480943456292152,0.0006306224386207759,1.0121231079101562,0.011306047439575195,93.0,0.1888894885778427,200.0,5.850923538208008,-0.005478497128933668,0.4925116300582886,0.0,0.9971593022346497
79,-1.9962431192398071,6.666666740784422e-05,-0.014347031712532043,0.0004964369582012296,0.9297118186950684,0.010571956634521484,102.0,0.18870453536510468,200.0,5.850923538208008,-0.005646038800477982,0.489260196685791,0.0,0.9971815943717957
80,-2.004847526550293,9.999999747378752e-05,-0.01650857925415039,0.0006199711933732033,0.9628078937530518,0.011220932006835938,98.0,0.18849235773086548,200.0,5.850923538208008,-0.005815552081912756,0.4860481321811676,0.0,0.9970971941947937
81,-2.0163164138793945,6.666666740784422e-05,-0.023404493927955627,0.0003633207525126636,0.9302840232849121,0.0106201171875,102.0,0.18819905817508698,200.0,5.850923538208008,-0.005658651236444712,0.4889872372150421,0.0,0.9968905448913574
82,-2.0242667198181152,4.444444493856281e-05,-0.030039817094802856,0.0010736006079241633,0.9262857437133789,0.011010169982910156,102.0,0.18815197050571442,200.0,5.850923538208008,-0.005716435145586729,0.48653796315193176,0.0,0.9967155456542969
83,-2.026660442352295,0.00022499999613501132,-0.022709567099809647,0.002597184618934989,0.9285979270935059,0.010663032531738281,102.0,0.18799813091754913,200.0,5.850320816040039,-0.006027713418006897,0.3276428282260895,0.0,0.9985476136207581
84,-2.039714813232422,4.444444493856281e-05,-0.03925959765911102,0.0008275990257970989,0.9456520080566406,0.010734081268310547,100.0,0.18767516314983368,200.0,5.850320816040039,-0.00565081462264061,0.479211688041687,0.0,0.998426616191864
85,-2.047980785369873,6.666666740784422e-05,-0.01579228788614273,0.0007128429715521634,0.9532759189605713,0.01055908203125,99.0,0.18755336105823517,200.0,5.850320816040039,-0.005778443068265915,0.4892520010471344,0.0,0.9972947239875793
86,-2.050893783569336,4.444444493856281e-05,-0.02894054353237152,0.00040645006811246276,0.9337310791015625,0.010691642761230469,101.0,0.1876373440027237,200.0,5.850320816040039,-0.005139596294611692,0.49042201042175293,0.0,0.9974682331085205
87,-2.045193910598755,6.666666740784422e-05,-0.021019138395786285,0.0002756156609393656,0.9393551349639893,0.010756731033325195,101.0,0.18781238794326782,200.0,5.850320816040039,-0.005561171565204859,0.49343299865722656,0.0,0.9968346953392029
88,-2.041653871536255,4.444444493856281e-05,-0.0252671055495739,0.0002973247319459915,0.942378044128418,0.01057577133178711,100.0,0.1877899169921875,200.0,5.850320816040039,-0.005648970603942871,0.48995813727378845,0.0,0.9971339702606201
89,-2.0425243377685547,9.999999747378752e-05,-0.016030333936214447,0.0005127941258251667,0.9458639621734619,0.010701894760131836,100.0,0.18782050907611847,200.0,5.850320816040039,-0.005320129916071892,0.4901205003261566,0.0,0.9973246455192566
90,-2.036614179611206,4.444444493856281e-05,-0.026537833735346794,0.00027886219322681427,0.939561128616333,0.010815858840942383,101.0,0.1880698949098587,200.0,5.850320816040039,-0.005090212915092707,0.4929356575012207,0.0,0.9973521828651428
91,-2.03167724609375,9.999999747378752e-05,-0.02510993555188179,0.001330232829786837,0.9545962810516357,0.010530948638916016,99.0,0.1879730373620987,200.0,5.850290298461914,-0.005774752702564001,0.3833131790161133,0.0,0.9979901313781738
92,-2.046668529510498,4.444444493856281e-05,-0.026726005598902702,0.0004181364784017205,0.934492826461792,0.010799169540405273,101.0,0.18750041723251343,200.0,5.850290298461914,-0.0059802536852657795,0.43618178367614746,0.0,0.9991602897644043
93,-2.062091588973999,9.999999747378752e-05,-0.02019287832081318,0.00019817966676782817,0.9497389793395996,0.010915040969848633,99.0,0.18720586597919464,200.0,5.850290298461914,-0.005865762475878,0.49080562591552734,0.0,0.9978635907173157
94,-2.0696933269500732,6.666666740784422e-05,-0.019208436831831932,0.00044732101378031075,0.9522428512573242,0.01047515869140625,99.0,0.18720372021198273,200.0,5.850290298461914,-0.00581528851762414,0.4893704354763031,0.0,0.9979153275489807
95,-2.0676939487457275,0.0001500000071246177,-0.02270546741783619,0.000315206591039896,0.9454338550567627,0.010609865188598633,100.0,0.18722669780254364,200.0,5.850290298461914,-0.0055680046789348125,0.49206849932670593,0.0,0.9974613785743713
96,-2.0643045902252197,4.444444493856281e-05,-0.02935229241847992,0.00038961946847848594,0.970055103302002,0.01066279411315918,97.0,0.18734210729599,200.0,5.850290298461914,-0.00647433428093791,0.48952212929725647,0.0,0.9976176619529724
97,-2.060593843460083,0.0001500000071246177,-0.01584724895656109,0.0003192498697899282,0.949976921081543,0.011343002319335938,99.0,0.18725143373012543,200.0,5.850290298461914,-0.005836257711052895,0.48957276344299316,0.0,0.9979062676429749
98,-2.066803216934204,2.9629629352712072e-05,-0.03134286403656006,0.0003102374030277133,1.0395007133483887,0.026411056518554688,90.0,0.1871194690465927,200.0,5.850290298461914,-0.0056531247682869434,0.48941242694854736,0.0,0.9978117942810059
99,-2.069098472595215,4.444444493856281e-05,-0.019593270495533943,0.0002447989536449313,0.9648220539093018,0.010770797729492188,98.0,0.18710236251354218,200.0,5.850390911102295,-0.006253243889659643,0.4917570650577545,0.0,0.9976182579994202
100,-2.071641683578491,9.999999747378752e-05,-0.023662017658352852,0.0013003993080928922,0.9639670848846436,0.01057577133178711,98.0,0.18696819245815277,200.0,5.850390911102295,-0.005976096261292696,0.32592418789863586,0.0,0.9995267391204834
101,-2.0754141807556152,9.999999747378752e-05,-0.02586926333606243,0.0003902244789060205,0.9377243518829346,0.010828018188476562,101.0,0.18704499304294586,200.0,5.850390911102295,-0.00544906547293067,0.4925837516784668,0.0,0.9980656504631042
102,-2.0760533809661865,9.999999747378752e-05,-0.017537813633680344,0.00021161037147976458,0.9330480098724365,0.010780096054077148,101.0,0.18688392639160156,200.0,5.850390911102295,-0.005601952318102121,0.4906284511089325,0.0,0.9981095194816589
103,-2.0827856063842773,4.444444493856281e-05,-0.022072333842515945,0.00030516632250510156,0.931035041809082,0.011003732681274414,101.0,0.18682481348514557,200.0,5.850390911102295,-0.005151835735887289,0.4917677938938141,0.0,0.9982157349586487
104,-2.087649345397949,6.666666740784422e-05,-0.030921565368771553,0.00018629358964972198,0.9441652297973633,0.010814905166625977,100.0,0.18653394281864166,200.0,5.850390911102295,-0.006156592164188623,0.4920891225337982,0.0,0.9980487823486328
105,-2.1000759601593018,2.9629629352712072e-05,-0.01679990254342556,0.00031129337730817497,0.9374258518218994,0.010543107986450195,101.0,0.18633906543254852,200.0,5.850390911102295,-0.005832033697515726,0.4905723035335541,0.0,0.9978018403053284
106,-2.1055476665496826,9.999999747378752e-05,-0.010532760061323643,0.00022759225976187736,0.9171409606933594,0.01065516471862793,103.0,0.18617331981658936,200.0,5.850390911102295,-0.00547218881547451,0.4908038377761841,0.0,0.9978196024894714
107,-2.116295099258423,9.999999747378752e-05,-0.017945101484656334,0.0002942628925666213,0.9328608512878418,0.010667085647583008,101.0,0.18589390814304352,200.0,5.850390911102295,-0.00597497820854187,0.4922194480895996,0.0,0.9975442290306091
108,-2.124688148498535,0.0001500000071246177,-0.02620779164135456,0.0008318583713844419,0.9375600814819336,0.010518074035644531,101.0,0.1857786923646927,200.0,5.8508477210998535,-0.005484796594828367,0.3406095504760742,0.0,0.9991537928581238
109,-2.1352057456970215,9.999999747378752e-05,-0.040644921362400055,0.001588695915415883,0.9479520320892334,0.010683059692382812,100.0,0.18535427749156952,200.0,5.8508477210998535,-0.005565971601754427,0.48244142532348633,0.0,0.9986729621887207
110,-2.149366617202759,4.444444493856281e-05,-0.025201961398124695,0.003826288739219308,0.9351370334625244,0.010811090469360352,101.0,0.1852225810289383,200.0,5.8508477210998535,-0.0058560967445373535,0.4852135479450226,0.0,0.9980993270874023
111,-2.1520979404449463,2.9629629352712072e-05,-0.023958785459399223,0.0005456178914755583,0.9182517528533936,0.010658025741577148,103.0,0.18518446385860443,200.0,5.8508477210998535,-0.005489343777298927,0.48888251185417175,0.0,0.9981210231781006
112,-2.15291690826416,9.999999747378752e-05,-0.01910565420985222,0.00031791997025720775,0.9097537994384766,0.010955095291137695,104.0,0.18523353338241577,200.0,5.8508477210998535,-0.005959676578640938,0.4880450665950775,0.0,0.9982087016105652
113,-2.1475818157196045,4.444444493856281e-05,-0.03199542686343193,0.0009936789283528924,0.9236118793487549,0.010677099227905273,102.0,0.1854327768087387,200.0,5.8508477210998535,-0.005384216085076332,0.49054113030433655,0.0,0.9983745217323303
114,-2.1412301063537598,4.444444493856281e-05,-0.020079009234905243,0.00046347780153155327,0.9309618473052979,0.01067495346069336,101.0,0.18549495935440063,200.0,5.8508477210998535,-0.005552161484956741,0.4876624345779419,0.0,0.9982008337974548
115,-2.1394290924072266,4.444444493856281e-05,-0.025850072503089905,0.0003339549002703279,0.9125690460205078,0.011076927185058594,103.0,0.18556223809719086,200.0,5.8508477210998535,-0.005664480850100517,0.4895007908344269,0.0,0.9982638955116272
116,-2.1356425285339355,9.999999747378752e-05,-0.026539897546172142,0.0004922611988149583,0.9109878540039062,0.010729074478149414,104.0,0.18564645946025848,200.0,5.850828647613525,-0.005768693517893553,0.3802649974822998,0.0,0.9987838864326477
117,-2.13688588142395,6.666666740784422e-05,-0.023198386654257774,0.0013999354559928179,0.9102110862731934,0.010619878768920898,104.0,0.18545109033584595,200.0,5.850828647613525,-0.0055894092656672,0.4434075355529785,0.0,0.9991801381111145
118,-2.147341251373291,4.444444493856281e-05,-0.03264712542295456,0.0014115666272118688,0.9559071063995361,0.010574817657470703,99.0,0.18525029718875885,200.0,5.850828647613525,-0.005417933687567711,0.490922212600708,0.0,0.9984409213066101
119,-2.151109457015991,9.999999747378752e-05,-0.012696360237896442,0.0004485737008508295,0.9279212951660156,0.010681867599487305,102.0,0.18526212871074677,200.0,5.850828647613525,-0.005710497032850981,0.4894906282424927,0.0,0.9985807538032532
120,-2.155808687210083,6.666666740784422e-05,-0.03213944658637047,0.00023795322340447456,0.9217569828033447,0.010901927947998047,102.0,0.18497179448604584,200.0,5.850828647613525,-0.0050703417509794235,0.48720335960388184,0.0,0.9983084797859192
121,-2.166386842727661,6.666666740784422e-05,-0.013295687735080719,0.00023321257322095335,0.8984158039093018,0.010470867156982422,105.0,0.18486981093883514,200.0,5.850828647613525,-0.006135324481874704,0.48944756388664246,0.0,0.9984706044197083
122,-2.1705589294433594,9.999999747378752e-05,-0.01510421559214592,0.00028773111989721656,0.9225301742553711,0.010762929916381836,102.0,0.18479783833026886,200.0,5.850828647613525,-0.005552593618631363,0.4894789457321167,0.0,0.9982337355613708
123,-2.182269334793091,4.444444493856281e-05,-0.01980762928724289,0.0004988466389477253,0.9105949401855469,0.010837078094482422,104.0,0.1844276785850525,200.0,5.850828647613525,-0.0053327735513448715,0.4879068434238434,0.0,0.9983565211296082
124,-2.1952364444732666,6.666666740784422e-05,-0.01855889894068241,0.0004888919647783041,0.8938648700714111,0.010600090026855469,106.0,0.18421830236911774,200.0,5.8508782386779785,-0.005498810205608606,0.4840754568576813,0.0,0.9985575079917908
125,-2.2036826610565186,6.666666740784422e-05,-0.02178889326751232,0.0008967538014985621,0.9599180221557617,0.011162996292114258,98.0,0.18404926359653473,200.0,5.8508782386779785,-0.006428868044167757,0.33799099922180176,0.0,0.9994911551475525
126,-2.214157819747925,4.444444493856281e-05,-0.032966554164886475,0.0006167400861158967,0.922515869140625,0.010767936706542969,102.0,0.18377600610256195,200.0,5.8508782386779785,-0.005776779260486364,0.49220526218414307,0.0,0.9984127879142761
127,-2.225407838821411,4.444444493856281e-05,-0.02652411349117756,0.0006115962169133127,0.9095199108123779,0.010528087615966797,104.0,0.18355995416641235,200.0,5.8508782386779785,-0.005342239048331976,0.4911917746067047,0.0,0.9986557960510254
128,-2.2346198558807373,6.666666740784422e-05,-0.018499333411455154,0.00022664964490104467,0.9243648052215576,0.011096000671386719,102.0,0.1833270639181137,200.0,5.8508782386779785,-0.005560923367738724,0.48752084374427795,0.0,0.9982555508613586
129,-2.244539499282837,4.444444493856281e-05,-0.036188241094350815,0.00036623075720854104,0.8940987586975098,0.012534141540527344,105.0,0.18312610685825348,200.0,5.8508782386779785,-0.005756080150604248,0.48601004481315613,0.0,0.9984309673309326
130,-2.251434326171875,6.666666740784422e-05,-0.030561182647943497,0.00021994461712893099,0.947239875793457,0.010599136352539062,100.0,0.1830011010169983,200.0,5.8508782386779785,-0.005523126106709242,0.48552966117858887,0.0,0.9987348914146423
131,-2.2559807300567627,2.9629629352712072e-05,-0.03164723515510559,0.0003640771028585732,0.9593930244445801,0.011158943176269531,98.0,0.18292944133281708,200.0,5.8508782386779785,-0.004766254220157862,0.4852353632450104,0.0,0.9988296627998352
132,-2.2574241161346436,9.999999747378752e-05,-0.01960783451795578,0.0002428497828077525,0.9175088405609131,0.010601282119750977,103.0,0.18292009830474854,200.0,5.8508782386779785,-0.005250431131571531,0.4829459488391876,0.0,0.9987044334411621
133,-2.2588300704956055,6.666666740784422e-05,-0.03711981326341629,0.00045427525765262544,0.9138810634613037,0.010619878768920898,103.0,0.18284259736537933,200.0,5.85089111328125,-0.005548236891627312,0.3473808765411377,0.0,0.9993345141410828
134,-2.257624387741089,9.999999747378752e-05,-0.02306457608938217,0.000608596601523459,0.9580779075622559,0.010425090789794922,99.0,0.1830119639635086,200.0,5.85089111328125,-0.004888811148703098,0.49130627512931824,0.0,0.9991819262504578
135,-2.2480738162994385,6.666666740784422e-05,-0.023073740303516388,0.0006133158458396792,0.9023990631103516,0.010910987854003906,105.0,0.18315090239048004,200.0,5.85089111328125,-0.005073185544461012,0.490305095911026,0.0,0.9990344047546387
136,-2.2446136474609375,4.444444493856281e-05,-0.0398215726017952,0.0002890136674977839,0.9369001388549805,0.010733842849731445,101.0,0.18314945697784424,200.0,5.85089111328125,-0.005493421573191881,0.4897134304046631,0.0,0.9989223480224609
137,-2.2409706115722656,6.666666740784422e-05,-0.025467703118920326,0.0002471725456416607,0.9517471790313721,0.010768890380859375,99.0,0.1833447366952896,200.0,5.85089111328125,-0.005701911170035601,0.4879099428653717,0.0,0.9988506436347961
138,-2.233379364013672,4.444444493856281e-05,-0.031920500099658966,0.0003887003113050014,0.9311883449554443,0.010892868041992188,101.0,0.18336546421051025,200.0,5.85089111328125,-0.005540584679692984,0.4840642213821411,0.0,0.9988526701927185
139,-2.2354395389556885,2.9629629352712072e-05,-0.029973186552524567,0.00034055334981530905,0.9084837436676025,0.010641098022460938,104.0,0.18325763940811157,200.0,5.85089111328125,-0.0052684904076159,0.49056050181388855,0.0,0.9986674189567566
140,-2.2387847900390625,6.666666740784422e-05,-0.028884276747703552,0.00038800667971372604,0.9173228740692139,0.01077723503112793,103.0,0.18319614231586456,200.0,5.85089111328125,-0.005194577854126692,0.48327627778053284,0.0,0.998645007610321
141,-2.2433149814605713,6.666666740784422e-05,-0.025738224387168884,0.00031743646832183003,1.082082986831665,0.011758089065551758,87.0,0.18308548629283905,200.0,5.851250648498535,-0.005015719216316938,0.381843239068985,0.0,0.9991748929023743
142,-2.2442824840545654,4.444444493856281e-05,-0.03516189008951187,0.0011591169750317931,0.9498932361602783,0.010753631591796875,99.0,0.18315686285495758,200.0,5.851250648498535,-0.005346119403839111,0.4481681287288666,0.0,0.9992372393608093
143,-2.2412683963775635,4.444444493856281e-05,-0.030054669827222824,0.001600534887984395,0.9704151153564453,0.010812997817993164,97.0,0.18320049345493317,200.0,5.851250648498535,-0.0054772100411355495,0.4918314516544342,0.0,0.9988839030265808
144,-2.24143385887146,6.666666740784422e-05,-0.031985096633434296,0.0006198784685693681,0.9245278835296631,0.010736227035522461,102.0,0.18308769166469574,200.0,5.851250648498535,-0.005040909629315138,0.49032899737358093,0.0,0.999047577381134
145,-2.2467987537384033,4.444444493856281e-05,-0.023990686982870102,0.00038922030944377184,0.9171431064605713,0.011230945587158203,103.0,0.18300968408584595,200.0,5.851250648498535,-0.005235922988504171,0.4883352816104889,0.0,0.998582661151886
146,-2.2509195804595947,4.444444493856281e-05,-0.01758093200623989,0.0004804175114259124,0.9151949882507324,0.011366844177246094,103.0,0.18284611403942108,200.0,5.851250648498535,-0.0057914541102945805,0.48174044489860535,0.0,0.9985365867614746
147,-2.2566628456115723,4.444444493856281e-05,-0.022112328559160233,0.0006179645424708724,0.9320180416107178,0.011529922485351562,101.0,0.1827758401632309,200.0,5.851250648498535,-0.005640192423015833,0.48166704177856445,0.0,0.998426616191864
148,-2.2550740242004395,9.999999747378752e-05,-0.020065391436219215,0.00030774521292187274,0.8774280548095703,0.010249853134155273,108.0,0.1829652637243271,200.0,5.851250648498535,-0.0054102069698274136,0.4807427227497101,0.0,0.9984942078590393
149,-2.244800567626953,4.444444493856281e-05,-0.029286222532391548,0.0002321177307749167,0.8973941802978516,0.010352849960327148,105.0,0.1831851601600647,200.0,5.8509721755981445,-0.0051543922163546085,0.47882524132728577,0.0,0.9987258911132812
150,-2.2418270111083984,6.666666740784422e-05,-0.02089846320450306,0.0006393465446308255,0.9498941898345947,0.010593652725219727,99.0,0.18307548761367798,200.0,5.8509721755981445,-0.005735823418945074,0.33666253089904785,0.0,0.9996050000190735
151,-2.2514119148254395,0.0001500000071246177,-0.019163306802511215,0.00045903047430329025,0.9035170078277588,0.010137081146240234,105.0,0.18271254003047943,200.0,5.8509721755981445,-0.005901889409869909,0.48679935932159424,0.0,0.9986848831176758
152,-2.266005516052246,4.444444493856281e-05,-0.03704029321670532,0.00042655717697925866,0.8989288806915283,0.01025080680847168,105.0,0.18262916803359985,200.0,5.8509721755981445,-0.006536662578582764,0.48711204528808594,0.0,0.9987184405326843
153,-2.2658681869506836,4.444444493856281e-05,-0.011730458587408066,0.0001228175824508071,0.8902308940887451,0.010070085525512695,106.0,0.18266485631465912,200.0,5.8509721755981445,-0.005657754372805357,0.4851667582988739,0.0,0.99809330701828
154,-2.2647953033447266,4.444444493856281e-05,-0.02766825631260872,0.00030334637267515063,0.8639590740203857,0.010355949401855469,109.0,0.18267883360385895,200.0,5.8509721755981445,-0.00481591559946537,0.47851017117500305,0.0,0.9982810020446777
155,-2.266887664794922,9.999999747378752e-05,-0.00927020888775587,0.0005932565545663238,0.9068491458892822,0.010321855545043945,104.0,0.18250145018100739,200.0,5.8509721755981445,-0.005176080856472254,0.478766530752182,0.0,0.9986177086830139
156,-2.2737085819244385,1.975308623514138e-05,-0.03948208689689636,0.00014525260485243052,0.9180290699005127,0.010315656661987305,103.0,0.18244116008281708,200.0,5.8509721755981445,-0.005337571259588003,0.47813987731933594,0.0,0.9986472129821777
157,-2.275219440460205,4.444444493856281e-05,-0.023716114461421967,0.00024326160200871527,0.8902251720428467,0.010549068450927734,106.0,0.1823917180299759,200.0,5.8509721755981445,-0.005233485717326403,0.478015273809433,0.0,0.9990914463996887
158,-2.274869680404663,6.666666740784422e-05,-0.027614781633019447,0.0005586300394497812,0.9218759536743164,0.010686874389648438,102.0,0.18252412974834442,200.0,5.8499040603637695,-0.0052758813835680485,0.3409566879272461,0.0,0.9993454813957214
159,-2.273818254470825,0.0001500000071246177,-0.018922585994005203,0.000633716641459614,0.947155237197876,0.010488748550415039,100.0,0.18230384588241577,200.0,5.8499040603637695,-0.004854182247072458,0.4889442026615143,0.0,0.9989001154899597
160,-2.2886157035827637,2.9629629352712072e-05,-0.030423838645219803,0.0006350540788844228,0.8807227611541748,0.010584115982055664,107.0,0.182078018784523,200.0,5.8499040603637695,-0.005739023443311453,0.4820164740085602,0.0,0.9985093474388123
161,-2.2940828800201416,4.444444493856281e-05,-0.03185461461544037,0.0004971403977833688,0.9029507637023926,0.010560989379882812,105.0,0.18197788298130035,200.0,5.8499040603637695,-0.004777002613991499,0.4827580451965332,0.0,0.9983035922050476
162,-2.300243854522705,6.666666740784422e-05,-0.021472448483109474,0.0001566973514854908,0.9327437877655029,0.010808944702148438,101.0,0.1818103939294815,200.0,5.8499040603637695,-0.004980172496289015,0.4813199043273926,0.0,0.9981648921966553
163,-2.30605149269104,4.444444493856281e-05,-0.030338136479258537,0.00010474592272657901,0.8857548236846924,0.010529041290283203,107.0,0.18172933161258698,200.0,5.8499040603637695,-0.00515007646754384,0.48341822624206543,0.0,0.9985988736152649
164,-2.3099098205566406,4.444444493856281e-05,-0.021446673199534416,9.494415280641988e-05,0.8841300010681152,0.010202884674072266,107.0,0.18158955872058868,200.0,5.8499040603637695,-0.005111702252179384,0.48317432403564453,0.0,0.9981601238250732
165,-2.3192355632781982,6.666666740784422e-05,-0.019015423953533173,0.00019186620193067938,0.8839397430419922,0.010560035705566406,107.0,0.18126673996448517,200.0,5.8499040603637695,-0.004700717981904745,0.48135682940483093,0.0,0.9980642199516296
166,-2.3331189155578613,4.444444493856281e-05,-0.024719949811697006,0.00022869881649967283,0.9087140560150146,0.010447978973388672,104.0,0.18102030456066132,200.0,5.849247455596924,-0.006045695394277573,0.38157495856285095,0.0,0.9984972476959229
167,-2.3402457237243652,6.666666740784422e-05,-0.03494267910718918,0.0005316200549714267,0.9144501686096191,0.010513782501220703,103.0,0.1809438318014145,200.0,5.849247455596924,-0.004365775268524885,0.44203177094459534,0.0,0.999013364315033
168,-2.3448002338409424,6.666666740784422e-05,-0.01936422660946846,0.0006001951987855136,0.9638781547546387,0.010933160781860352,98.0,0.18080466985702515,200.0,5.849247455596924,-0.005239482503384352,0.49363088607788086,0.0,0.9977572560310364
169,-2.348938465118408,4.444444493856281e-05,-0.019524678587913513,0.0002733180299401283,0.9609637260437012,0.010556221008300781,98.0,0.18073134124279022,200.0,5.849247455596924,-0.005133284721523523,0.4918314218521118,0.0,0.9983027577400208
170,-2.351423740386963,6.666666740784422e-05,-0.021397579461336136,0.00030625189538113773,0.8988180160522461,0.010461091995239258,105.0,0.18074451386928558,200.0,5.849247455596924,-0.004948357120156288,0.4872072637081146,0.0,0.9978803992271423
171,-2.3513073921203613,2.9629629352712072e-05,-0.029704028740525246,0.0002253119309898466,0.9196469783782959,0.01031184196472168,103.0,0.18075138330459595,200.0,5.849247455596924,-0.005465004593133926,0.48983678221702576,0.0,0.9980370402336121
172,-2.34989333152771,0.0001500000071246177,-0.013775923289358616,0.0004957031342200935,0.897385835647583,0.010499954223632812,105.0,0.18087239563465118,200.0,5.849247455596924,-0.005475562531501055,0.4829324781894684,0.0,0.9978421330451965
173,-2.3416121006011963,6.666666740784422e-05,-0.03379720449447632,0.00017628760542720556,0.8813869953155518,0.010509014129638672,107.0,0.18110144138336182,200.0,5.849247455596924,-0.004677908029407263,0.48408111929893494,0.0,0.9980685710906982
174,-2.331951141357422,4.444444493856281e-05,-0.030201002955436707,0.0003549950779415667,0.9267420768737793,0.010293006896972656,102.0,0.18130971491336823,200.0,5.849274158477783,-0.005259988829493523,0.47845733165740967,0.0,0.9979957938194275
175,-2.327765464782715,9.999999747378752e-05,-0.019306575879454613,0.00035169892362318933,0.9815170764923096,0.010536909103393555,96.0,0.18126356601715088,200.0,5.849274158477783,-0.005633121822029352,0.34119728207588196,0.0,0.9996059536933899
176,-2.330106735229492,4.444444493856281e-05,-0.03647453710436821,0.00033228431129828095,0.9068312644958496,0.01054072380065918,104.0,0.1812310814857483,200.0,5.849274158477783,-0.005074426531791687,0.490215927362442,0.0,0.9985378384590149
177,-2.3336384296417236,4.444444493856281e-05,-0.02195098251104355,0.000515598920173943,0.9239461421966553,0.010324239730834961,102.0,0.1811261624097824,200.0,5.849274158477783,-0.005211253184825182,0.49033448100090027,0.0,0.9986562728881836
178,-2.3346965312957764,4.444444493856281e-05,-0.02381701022386551,0.00032631572685204446,0.8915112018585205,0.010013818740844727,106.0,0.18120108544826508,200.0,5.849274158477783,-0.0052516586147248745,0.48326465487480164,0.0,0.9982092380523682
179,-2.326754093170166,9.999999747378752e-05,-0.010435445234179497,0.00028117140755057335,0.8835608959197998,0.010530233383178711,107.0,0.18162834644317627,200.0,5.849274158477783,-0.005004540551453829,0.4752366542816162,0.0,0.9980551600456238
180,-2.309129238128662,4.444444493856281e-05,-0.026057174429297447,0.00013714133820030838,0.9118001461029053,0.010304689407348633,104.0,0.18183888494968414,200.0,5.849274158477783,-0.0057008047588169575,0.48013344407081604,0.0,0.9982267022132874
181,-2.3073313236236572,6.666666740784422e-05,-0.025412825867533684,0.00016010893159545958,0.9270541667938232,0.010582685470581055,102.0,0.18170684576034546,200.0,5.849274158477783,-0.004963037092238665,0.4798923432826996,0.0,0.9982267022132874
182,-2.3156867027282715,2.9629629352712072e-05,-0.028520697727799416,0.0003434789541643113,0.8972070217132568,0.010209083557128906,105.0,0.18154145777225494,200.0,5.849274158477783,-0.005833099130541086,0.4814275801181793,0.0,0.9984302520751953
183,-2.3233940601348877,9.999999747378752e-05,-0.026393339037895203,0.0005690686521120369,0.959301233291626,0.010766029357910156,98.0,0.18132652342319489,200.0,5.848536014556885,-0.005239900201559067,0.3322221040725708,0.0,0.9991590976715088
184,-2.3346920013427734,2.9629629352712072e-05,-0.03389313071966171,0.0009071547538042068,0.9521019458770752,0.010595083236694336,99.0,0.18111898005008698,200.0,5.848536014556885,-0.005479831248521805,0.4886913001537323,0.0,0.9986153244972229
185,-2.340569496154785,6.666666740784422e-05,-0.021415460854768753,0.0004558379005175084,0.8833389282226562,0.010576248168945312,107.0,0.1810835599899292,200.0,5.848536014556885,-0.005475401412695646,0.48528650403022766,0.0,0.9980974197387695
186,-2.3427679538726807,6.666666740784422e-05,-0.02311110682785511,0.00029394813464023173,0.9030117988586426,0.010335922241210938,105.0,0.18093882501125336,200.0,5.848536014556885,-0.005311985034495592,0.48127689957618713,0.0,0.9980793595314026
187,-2.3520009517669678,4.444444493856281e-05,-0.026076508685946465,0.00029725671629421413,0.9254016876220703,0.010754108428955078,102.0,0.1807136982679367,200.0,5.848536014556885,-0.004981955513358116,0.48165443539619446,0.0,0.9980392456054688
188,-2.3598034381866455,2.9629629352712072e-05,-0.03744719177484512,9.796761150937527e-05,0.8908500671386719,0.010727167129516602,106.0,0.18055061995983124,200.0,5.848536014556885,-0.005599942523986101,0.48433375358581543,0.0,0.9982674717903137
189,-2.3676857948303223,2.9629629352712072e-05,-0.025544868782162666,0.00016572841559536755,0.8956789970397949,0.010619878768920898,105.0,0.1803816556930542,200.0,5.848536014556885,-0.0053932988084852695,0.4844520092010498,0.0,0.9977381825447083
190,-2.373697519302368,9.999999747378752e-05,-0.020256785675883293,0.0001345140626654029,0.895543098449707,0.010626077651977539,105.0,0.18025489151477814,200.0,5.848536014556885,-0.005038489121943712,0.4788791835308075,0.0,0.9976444244384766
191,-2.3805551528930664,4.444444493856281e-05,-0.03147358074784279,0.00016882020281627774,0.9370639324188232,0.010338068008422852,101.0,0.18010008335113525,200.0,5.8478593826293945,-0.005556447431445122,0.3700065612792969,0.0,0.9982885718345642
192,-2.3896398544311523,6.666666740784422e-05,-0.01952020265161991,0.0002922169223893434,0.9301872253417969,0.010756969451904297,102.0,0.17990292608737946,200.0,5.8478593826293945,-0.00596271688118577,0.44880545139312744,0.0,0.9990507960319519
193,-2.400345802307129,2.9629629352712072e-05,-0.02124091610312462,0.0004757674178108573,0.9678928852081299,0.010885238647460938,98.0,0.17973770201206207,200.0,5.8478593826293945,-0.005557655822485685,0.49305710196495056,0.0,0.9975777268409729
194,-2.403165578842163,0.0001500000071246177,-0.023373106494545937,0.00027753403992392123,0.932363748550415,0.010274171829223633,101.0,0.1798887401819229,200.0,5.8478593826293945,-0.004965110216289759,0.49062252044677734,0.0,0.9978950023651123
195,-2.399092435836792,2.9629629352712072e-05,-0.021163152530789375,0.00019897072343155742,0.8879368305206299,0.011034011840820312,106.0,0.17974531650543213,200.0,5.8478593826293945,-0.005089759826660156,0.488211989402771,0.0,0.997661828994751
196,-2.4067132472991943,9.999999747378752e-05,-0.027978530153632164,0.00013332237722352147,0.9200558662414551,0.011111974716186523,103.0,0.17954601347446442,200.0,5.8478593826293945,-0.00500484136864543,0.4905032217502594,0.0,0.9977995753288269
197,-2.4169697761535645,4.444444493856281e-05,-0.0153315719217062,6.283254333538935e-05,0.9179339408874512,0.010577917098999023,103.0,0.1793431043624878,200.0,5.8478593826293945,-0.0053677731193602085,0.4852721691131592,0.0,0.9975898265838623
198,-2.4241905212402344,4.444444493856281e-05,-0.012887965887784958,0.00018076042761094868,0.8717069625854492,0.010448932647705078,108.0,0.17924034595489502,200.0,5.8478593826293945,-0.005195445381104946,0.48087790608406067,0.0,0.9975691437721252
199,-2.4296929836273193,4.444444493856281e-05,-0.017584115266799927,8.324842929141596e-05,0.9111227989196777,0.01072835922241211,104.0,0.17908920347690582,200.0,5.847889423370361,-0.005058074835687876,0.4811170995235443,0.0,0.9976850152015686
200,-2.4380834102630615,6.666666740784422e-05,-0.020637838169932365,0.00021318229846656322,0.9701886177062988,0.010290145874023438,97.0,0.1789172738790512,200.0,5.847889423370361,-0.005764048546552658,0.34103071689605713,0.0,0.9996078610420227
201,-2.4431896209716797,9.999999747378752e-05,-0.017663516104221344,0.00017248337098862976,0.915841817855835,0.010232210159301758,103.0,0.178902268409729,200.0,5.847889423370361,-0.004906000103801489,0.4942358732223511,0.0,0.9982907176017761
202,-2.444675922393799,6.666666740784422e-05,-0.01989128813147545,0.0003869750944431871,0.9347751140594482,0.010756969451904297,101.0,0.17896121740341187,200.0,5.847889423370361,-0.005238192621618509,0.49437832832336426,0.0,0.9981755614280701
203,-2.4398000240325928,4.444444493856281e-05,-0.012394847348332405,9.504089393885806e-05,0.9219150543212891,0.022711753845214844,101.0,0.1791796088218689,200.0,5.847889423370361,-0.0057091680355370045,0.4882484972476959,0.0,0.9976193904876709
204,-2.4323959350585938,6.666666740784422e-05,-0.027909941971302032,0.00017118212417699397,1.0209908485412598,0.010226964950561523,93.0,0.1792936772108078,200.0,5.847889423370361,-0.005214256700128317,0.48955392837524414,0.0,0.9975977540016174
205,-2.4286952018737793,2.9629629352712072e-05,-0.022564003244042397,0.00010562522220425308,0.9653880596160889,0.015718936920166016,97.0,0.1793729066848755,200.0,5.847889423370361,-0.005212860647588968,0.48984479904174805,0.0,0.997661828994751
206,-2.4280965328216553,6.666666740784422e-05,-0.020422806963324547,9.123492782237008e-05,1.0347590446472168,0.011149883270263672,91.0,0.17927402257919312,200.0,5.847889423370361,-0.005023178178817034,0.4892716407775879,0.0,0.9977704882621765
207,-2.4327235221862793,6.666666740784422e-05,-0.015478103421628475,8.276436710730195e-05,0.9675300121307373,0.02033710479736328,97.0,0.1791781336069107,200.0,5.847889423370361,-0.005140858702361584,0.4895156919956207,0.0,0.9977361559867859
208,-2.4336187839508057,6.666666740784422e-05,-0.03165307268500328,0.00023321282060351223,0.9786880016326904,0.011786937713623047,96.0,0.17931045591831207,200.0,5.848434925079346,-0.00592268630862236,0.3369501829147339,0.0,0.9987301826477051
209,-2.4245810508728027,0.0001500000071246177,-0.015335921198129654,0.0001968889555428177,1.0020668506622314,0.010381221771240234,94.0,0.1796501874923706,200.0,5.848434925079346,-0.0055168564431369305,0.49144235253334045,0.0,0.9984143376350403
210,-2.415020227432251,6.666666740784422e-05,-0.023512933403253555,0.00039105286123231053,0.9106481075286865,0.010362863540649414,104.0,0.17962880432605743,200.0,5.848434925079346,-0.005251356866210699,0.49384650588035583,0.0,0.997393786907196
211,-2.4177000522613525,6.666666740784422e-05,-0.020657755434513092,0.00017852909513749182,0.9285061359405518,0.010637044906616211,102.0,0.1796465963125229,200.0,5.848434925079346,-0.005152439698576927,0.49517473578453064,0.0,0.9975073933601379
212,-2.4139368534088135,4.444444493856281e-05,-0.024613792076706886,0.0002808842691592872,0.9513678550720215,0.010601043701171875,99.0,0.17978571355342865,200.0,5.848434925079346,-0.005413163919001818,0.4893728792667389,0.0,0.9974188804626465
213,-2.412222385406494,4.444444493856281e-05,-0.016779059544205666,0.000191348502994515,0.9303460121154785,0.010264873504638672,102.0,0.17970456182956696,200.0,5.848434925079346,-0.005488784983754158,0.49267706274986267,0.0,0.9976617693901062
214,-2.416379690170288,4.444444493856281e-05,-0.01750234141945839,0.00011947345774387941,0.9035649299621582,0.01063084602355957,105.0,0.17957556247711182,200.0,5.848434925079346,-0.005251486320048571,0.4939812123775482,0.0,0.9976387023925781
215,-2.4199607372283936,2.9629629352712072e-05,-0.02542160265147686,0.00030413316562771797,0.9139461517333984,0.011157989501953125,103.0,0.17953532934188843,200.0,5.848434925079346,-0.005005550105124712,0.4874938726425171,0.0,0.997497022151947
216,-2.420884609222412,9.999999747378752e-05,-0.01714586280286312,0.0002150029904441908,0.9103469848632812,0.010691165924072266,104.0,0.179494246840477,200.0,5.849886417388916,-0.006381932180374861,0.3782733380794525,0.0,0.9980390667915344
217,-2.419355630874634,2.9629629352712072e-05,-0.03513168543577194,0.00043020315933972597,0.9427988529205322,0.010613203048706055,100.0,0.1796478033065796,200.0,5.849886417388916,-0.0047444431111216545,0.44421425461769104,0.0,0.9989387392997742
218,-2.409201145172119,9.999999747378752e-05,-0.014710749499499798,0.0005570631474256516,0.9596290588378906,0.011160135269165039,98.0,0.17996346950531006,200.0,5.849886417388916,-0.005251107271760702,0.4980311095714569,0.0,0.99693363904953
219,-2.3952527046203613,2.9629629352712072e-05,-0.024492807686328888,0.0002859697851818055,0.952099084854126,0.010241031646728516,99.0,0.18019306659698486,200.0,5.849886417388916,-0.00564916105940938,0.4954874813556671,0.0,0.9975503087043762
220,-2.389328956604004,6.666666740784422e-05,-0.016600824892520905,7.41608819225803e-05,0.9505410194396973,0.010629892349243164,99.0,0.1802205592393875,200.0,5.849886417388916,-0.004989892244338989,0.4980292320251465,0.0,0.9976493716239929
221,-2.3894569873809814,1.975308623514138e-05,-0.014720401726663113,8.28900738270022e-05,0.9261820316314697,0.010521888732910156,102.0,0.18022102117538452,200.0,5.849886417388916,-0.0053687612526118755,0.49507561326026917,0.0,0.9976943135261536
222,-2.3873040676116943,6.666666740784422e-05,-0.02649564854800701,0.00010503263911232352,0.9215271472930908,0.010734081268310547,102.0,0.18034176528453827,200.0,5.849886417388916,-0.005185902584344149,0.4914529025554657,0.0,0.9976658225059509
223,-2.384091854095459,2.9629629352712072e-05,-0.01389374490827322,0.00010838141315616667,0.8880257606506348,0.01034688949584961,106.0,0.18030782043933868,200.0,5.849886417388916,-0.005562094505876303,0.4866441786289215,0.0,0.997467041015625
224,-2.3874564170837402,4.444444493856281e-05,-0.01413103099912405,0.00018834674847312272,0.9325199127197266,0.010737180709838867,101.0,0.18024297058582306,200.0,5.850976943969727,-0.005129084922373295,0.4874158799648285,0.0,0.9974692463874817
225,-2.3871371746063232,6.666666740784422e-05,-0.025155341252684593,0.00025170401204377413,0.9824120998382568,0.010734081268310547,96.0,0.18039502203464508,200.0,5.850976943969727,-0.005579694639891386,0.335929274559021,0.0,0.9994964003562927
226,-2.382223606109619,2.9629629352712072e-05,-0.022479169070720673,0.00011873656330863014,0.9262621402740479,0.01026606559753418,102.0,0.18042458593845367,200.0,5.850976943969727,-0.005246566142886877,0.4988362789154053,0.0,0.9977938532829285
227,-2.383366346359253,6.666666740784422e-05,-0.01224739383906126,0.00021517399000003934,0.9258890151977539,0.010247230529785156,102.0,0.18036936223506927,200.0,5.850976943969727,-0.005489705130457878,0.49655091762542725,0.0,0.9978813529014587
228,-2.3877980709075928,2.9629629352712072e-05,-0.025514328852295876,0.00010736557305790484,0.9224350452423096,0.012347936630249023,102.0,0.18027865886688232,200.0,5.850976943969727,-0.005670847836881876,0.4909854829311371,0.0,0.9972612857818604
229,-2.389646053314209,4.444444493856281e-05,-0.01695135422050953,8.343490480910987e-05,0.8975470066070557,0.010302066802978516,105.0,0.18030208349227905,200.0,5.850976943969727,-0.005503479391336441,0.4897603988647461,0.0,0.9974904656410217
230,-2.39009165763855,4.444444493856281e-05,-0.022095993161201477,8.714469731785357e-05,0.9302048683166504,0.011168956756591797,101.0,0.18025504052639008,200.0,5.850976943969727,-0.005101483780890703,0.4859398901462555,0.0,0.9976916313171387
231,-2.3928475379943848,4.444444493856281e-05,-0.023309247568249702,7.17642396921292e-05,0.9348530769348145,0.010597944259643555,101.0,0.1802224963903427,200.0,5.850976943969727,-0.005281180143356323,0.4848155081272125,0.0,0.9977278113365173
232,-2.393256425857544,4.444444493856281e-05,-0.02129749022424221,0.00012862670700997114,0.9087779521942139,0.010619878768920898,104.0,0.18024307489395142,200.0,5.850976943969727,-0.005693452898412943,0.48685121536254883,0.0,0.9977656006813049
233,-2.396270751953125,6.666666740784422e-05,-0.023105069994926453,0.00017016628407873213,0.9324982166290283,0.010878801345825195,101.0,0.17992015182971954,200.0,5.852632522583008,-0.00591643899679184,0.3363281190395355,0.0,0.9987726211547852
234,-2.4152309894561768,4.444444493856281e-05,-0.03776216134428978,0.0001260575809283182,0.9664649963378906,0.010651826858520508,98.0,0.17944186925888062,200.0,5.852632522583008,-0.005053275730460882,0.49508652091026306,0.0,0.998256266117096
235,-2.4299864768981934,6.666666740784422e-05,-0.030540121719241142,0.000193290165043436,0.924954891204834,0.01105809211730957,102.0,0.17918789386749268,200.0,5.852632522583008,-0.005256344098597765,0.4986567199230194,0.0,0.9969778060913086
236,-2.438961982727051,4.444444493856281e-05,-0.021678248420357704,0.0001376971194986254,0.9406881332397461,0.010751008987426758,100.0,0.17904508113861084,200.0,5.852632522583008,-0.005147399380803108,0.4955439567565918,0.0,0.9973393082618713
237,-2.4420862197875977,2.9629629352712072e-05,-0.034047532826662064,0.00011706027726177126,0.9507107734680176,0.010587215423583984,99.0,0.1790204495191574,200.0,5.852632522583008,-0.005632564425468445,0.49516090750694275,0.0,0.9974305033683777
238,-2.442105293273926,4.444444493856281e-05,-0.01709607243537903,8.316725143231452e-05,0.9432499408721924,0.010779857635498047,100.0,0.17901283502578735,200.0,5.852632522583008,-0.004816532600671053,0.49004483222961426,0.0,0.9976139068603516
239,-2.4417941570281982,9.999999747378752e-05,-0.019569432362914085,0.00019899403559975326,0.9065828323364258,0.010686159133911133,104.0,0.17899763584136963,200.0,5.852632522583008,-0.005818682257086039,0.48898401856422424,0.0,0.9975857734680176
240,-2.4439945220947266,2.9629629352712072e-05,-0.026481062173843384,0.00015411815547849983,0.9220180511474609,0.010551929473876953,102.0,0.1789485216140747,200.0,5.852632522583008,-0.004904978442937136,0.4884118139743805,0.0,0.9973723292350769
241,-2.4455788135528564,6.666666740784422e-05,-0.034658629447221756,0.0001813010312616825,0.925032377243042,0.010367870330810547,102.0,0.17888455092906952,200.0,5.854355812072754,-0.005358540918678045,0.3793213367462158,0.0,0.9979572296142578
242,-2.4535715579986572,9.999999747378752e-05,-0.021220525726675987,0.00016318127745762467,0.9198007583618164,0.011609077453613281,103.0,0.1785346120595932,200.0,5.854355812072754,-0.005574919283390045,0.4417351186275482,0.0,0.99873286485672
243,-2.4707913398742676,4.444444493856281e-05,-0.02883942611515522,0.00027541237068362534,0.9634392261505127,0.01031494140625,98.0,0.17827902734279633,200.0,5.854355812072754,-0.004945619031786919,0.49930131435394287,0.0,0.9967369437217712
244,-2.476249933242798,4.444444493856281e-05,-0.01688976399600506,0.00027061294531449676,0.9652020931243896,0.010628938674926758,98.0,0.1782294511795044,200.0,5.854355812072754,-0.004946380387991667,0.5030649304389954,0.0,0.9975479245185852
245,-2.4761548042297363,6.666666740784422e-05,-0.01563761942088604,0.00018117381841875613,0.9018621444702148,0.010545969009399414,105.0,0.17831146717071533,200.0,5.854355812072754,-0.0055950358510017395,0.4955868721008301,0.0,0.997373104095459
246,-2.4769418239593506,9.999999747378752e-05,-0.02305302396416664,0.00019671724294312298,0.9229080677032471,0.010282039642333984,102.0,0.17807041108608246,200.0,5.854355812072754,-0.005339097697287798,0.49312588572502136,0.0,0.9974150657653809
247,-2.492793321609497,2.9629629352712072e-05,-0.03431287035346031,9.984138887375593e-05,0.913128137588501,0.010233879089355469,103.0,0.17782969772815704,200.0,5.854355812072754,-0.005521595478057861,0.49224600195884705,0.0,0.9969227313995361
248,-2.4963624477386475,4.444444493856281e-05,-0.029806509613990784,0.00012387055903673172,0.8917920589447021,0.010357141494750977,106.0,0.17789416015148163,200.0,5.854355812072754,-0.005384016782045364,0.490358829498291,0.0,0.9969977736473083
249,-2.492126703262329,4.444444493856281e-05,-0.0121382437646389,0.00016607386351097375,0.924875020980835,0.010344982147216797,102.0,0.17800183594226837,200.0,5.8545403480529785,-0.005353354383260012,0.4914381504058838,0.0,0.9971469044685364
250,-2.4921746253967285,0.0001500000071246177,-0.012830094434320927,0.00018057390116155148,0.9649569988250732,0.011001110076904297,98.0,0.1778072863817215,200.0,5.8545403480529785,-0.005314950365573168,0.33672428131103516,0.0,0.999592125415802
251,-2.508427143096924,6.666666740784422e-05,-0.018971700221300125,0.0002160728326998651,0.9489350318908691,0.010705947875976562,100.0,0.17747868597507477,200.0,5.8545403480529785,-0.005079639609903097,0.5003492832183838,0.0,0.9975883364677429
252,-2.5130865573883057,9.999999747378752e-05,-0.016157088801264763,0.00023125352163333446,0.9172911643981934,0.010883808135986328,103.0,0.17768096923828125,200.0,5.8545403480529785,-0.005232874769717455,0.5060492157936096,0.0,0.9972460865974426
253,-2.508033514022827,2.9629629352712072e-05,-0.01720028929412365,0.00017718035087455064,0.9379992485046387,0.010634899139404297,101.0,0.17764271795749664,200.0,5.8545403480529785,-0.004617714323103428,0.49910256266593933,0.0,0.9969032406806946
254,-2.5109500885009766,4.444444493856281e-05,-0.02784384973347187,7.68259706092067e-05,0.9127049446105957,0.010276079177856445,104.0,0.17764191329479218,200.0,5.8545403480529785,-0.005423779133707285,0.4985150992870331,0.0,0.9968175888061523
255,-2.5088753700256348,2.9629629352712072e-05,-0.021977288648486137,0.0001705579343251884,0.9250321388244629,0.010352849960327148,102.0,0.17775118350982666,200.0,5.8545403480529785,-0.005069517996162176,0.4997953474521637,0.0,0.9969106316566467
