iteration,Episode_Reward/action_rate,Episode_Reward/batting,Episode_Reward/failure,Episode_Reward/upright,Episode_Termination/fallen,Episode_Termination/invalid_contact,Episode_Termination/time_out,Loss/entropy,Loss/learning_rate,Loss/surrogate,Loss/value,Perf/collection_time,Perf/learning_time,Perf/total_fps,Policy/mean_std,Train/mean_episode_length,Train/mean_reward,reward/action_rate,reward/batting,reward/failure,reward/upright
0,,,,,,,,-1.3333693742752075,2.9629629352712072e-05,-0.009421443566679955,6.7460551261901855,1.7223458290100098,0.02178215980529785,55.0,0.20000898838043213,,,-0.07366720587015152,8.569098472595215,0.0,0.9995791912078857
1,-0.021137403324246407,1.5607995986938477,-1.25,0.30984342098236084,0.0,0.5,0.5,-1.3328672647476196,2.9629629352712072e-05,-0.020198944956064224,2.500282049179077,1.5503191947937012,0.010795116424560547,61.0,0.20001399517059326,31.0,1.1990108489990234,-0.03575015440583229,2.5907585620880127,-2.6041667461395264,0.999495804309845
2,,,,,,,,-1.3335490226745605,1.975308623514138e-05,-0.022415947169065475,1.043508529663086,1.5585410594940186,0.012396097183227539,61.0,0.1999804824590683,35.0,1.8389856815338135,-0.02493780292570591,1.7113600969314575,-2.6041667461395264,0.9995895028114319
3,,,,,,,,-1.3349766731262207,1.975308623514138e-05,-0.016453908756375313,2.8150382041931152,1.5797781944274902,0.011410951614379883,60.0,0.19992777705192566,42.66666793823242,2.004789352416992,-0.03567679226398468,3.7650201320648193,-2.6041667461395264,0.9995400309562683
4,,,,,,,,-1.3360496759414673,4.444444493856281e-05,-0.01465133298188448,2.4256534576416016,1.5410840511322021,0.012337923049926758,61.0,0.1999390721321106,42.66666793823242,2.004789352416992,-0.01955091580748558,4.721976280212402,0.0,0.9994735717773438
5,,,,,,,,-1.33343505859375,1.975308623514138e-05,-0.024832021445035934,0.029254160821437836,1.5542378425598145,0.011192083358764648,61.0,0.20007480680942535,50.85714340209961,2.707345724105835,-0.018027201294898987,0.050441328436136246,0.0,0.9997063279151917
6,,,,,,,,-1.3295838832855225,1.316872385359602e-05,-0.020435113459825516,0.27463364601135254,1.5604360103607178,0.011494874954223633,61.0,0.20015981793403625,57.0,3.216308116912842,-0.010650634765625,2.4818499088287354,0.0,0.999562680721283
7,,,,,,,,-1.3261070251464844,6.666666740784422e-05,-0.016789602115750313,1.5455362796783447,1.5317630767822266,0.010901927947998047,62.0,0.20031560957431793,62.09090805053711,3.5580339431762695,-0.033383265137672424,2.5480804443359375,-2.6041667461395264,0.9996617436408997
8,,,,,,,,-1.3200228214263916,9.999999747378752e-06,-0.02307351678609848,3.834883213043213,1.5546917915344238,0.010941267013549805,61.0,0.20042045414447784,56.61538314819336,2.8974413871765137,-0.03439079225063324,6.479553699493408,-5.208333492279053,0.9994332194328308
9,,,,,,,,-1.3190808296203613,3.3749998692655936e-05,-0.0038308126386255026,3.585663318634033,1.5396831035614014,0.011354923248291016,61.0,0.20039145648479462,59.71428680419922,3.177797794342041,-0.044718366116285324,4.715548992156982,0.0,0.9996867179870605
10,,,,,,,,-1.320835828781128,7.593750342493877e-05,-0.010215160436928272,1.0076799392700195,1.5502040386199951,0.011945009231567383,61.0,0.2003730982542038,59.71428680419922,3.177797794342041,-0.009004905819892883,2.5555787086486816,0.0,0.9994072914123535
11,,,,,,,,-1.316507339477539,2.2500000341096893e-05,-0.011013166978955269,0.018744148313999176,1.5941402912139893,0.01168203353881836,59.0,0.2005733698606491,62.400001525878906,3.4237682819366455,-0.009409063495695591,4.2895297980294345e-08,0.0,0.9996888041496277
12,,,,,,,,-1.3118579387664795,5.062499985797331e-05,-0.016156472265720367,1.5145512819290161,1.5432381629943848,0.011407852172851562,61.0,0.20068199932575226,62.400001525878906,3.4237682819366455,-0.018649527803063393,2.519860029220581,0.0,0.9995618462562561
13,,,,,,,,-1.3094195127487183,3.3749998692655936e-05,-0.012101241387426853,3.949263095855713,1.497736930847168,0.011695146560668945,63.0,0.20069162547588348,68.66666412353516,3.9555089473724365,-0.04288076236844063,4.922311305999756,0.0,0.9997647404670715
14,,,,,,,,-1.3077986240386963,5.062499985797331e-05,-0.0033345292322337627,0.27450627088546753,1.5010356903076172,0.011271238327026367,63.0,0.20082923769950867,68.66666412353516,3.9555089473724365,-0.018970439210534096,1.265507698059082,0.0,0.9993508458137512
15,,,,,,,,-1.2980337142944336,0.00011390625149942935,-0.017498834058642387,0.014218173921108246,1.5202109813690186,0.011265993118286133,62.0,0.20131249725818634,70.31578826904297,4.104905128479004,-0.008343703113496304,1.892325046659593e-10,0.0,0.9997219443321228
16,,,,,,,,-1.2874093055725098,1.4999999621068127e-05,-0.007660888135433197,1.6347458362579346,1.5195071697235107,0.010864973068237305,62.0,0.2013036459684372,68.1500015258789,3.877791404724121,-0.021018177270889282,2.1127169132232666,-2.6041667461395264,0.9996166229248047
17,,,,,,,,-1.288514494895935,5.062499985797331e-05,-0.02040131203830242,1.63971745967865,1.5080528259277344,0.011167049407958984,63.0,0.20128300786018372,70.29166412353516,3.878518581390381,-0.05096931383013725,1.2214583158493042,-2.6041667461395264,0.9997596740722656
18,,,,,,,,-1.2897719144821167,3.3749998692655936e-05,-0.025801511481404305,5.116664409637451,1.5182600021362305,0.011106014251708984,62.0,0.201228067278862,68.4800033569336,3.662430763244629,-0.04643183574080467,8.914484977722168,-2.6041667461395264,0.9993703961372375
19,,,,,,,,-1.2907814979553223,0.00017085937724914402,-0.011384798213839531,0.7536554932594299,1.5033869743347168,0.010759115219116211,63.0,0.20126710832118988,68.4800033569336,3.662430763244629,-0.008459696546196938,2.4510231018066406,0.0,0.9995203018188477
20,,,,,,,,-1.29246187210083,1.4999999621068127e-05,-0.013544004410505295,0.008312189020216465,1.5131170749664307,0.011828899383544922,62.0,0.20108617842197418,68.4800033569336,3.662430763244629,-0.005698951426893473,0.0,0.0,0.9996764063835144
21,,,,,,,,-1.297610878944397,3.3749998692655936e-05,-0.016290780156850815,0.06856456398963928,1.5178990364074707,0.0110321044921875,62.0,0.20097120106220245,70.81481170654297,3.8866586685180664,-0.020523933693766594,2.3661461909796344e-06,0.0,0.9997060298919678
22,,,,,,,,-1.300098180770874,5.062499985797331e-05,-0.017267009243369102,5.351441860198975,1.5224370956420898,0.01137685775756836,62.0,0.20096202194690704,69.74193572998047,3.685993194580078,-0.06006598100066185,5.213781833648682,-5.208333492279053,0.9996431469917297
23,,,,,,,,-1.3004975318908691,5.062499985797331e-05,-0.010579092428088188,3.8196468353271484,1.6522350311279297,0.017138242721557617,57.0,0.2009376734495163,69.74193572998047,3.685993194580078,-0.022237503901124,7.7055840492248535,0.0,0.9993199706077576
24,,,,,,,,-1.3040510416030884,2.2500000341096893e-05,-0.009040232747793198,0.01583056151866913,1.5352180004119873,0.01140904426574707,62.0,0.2007468342781067,69.74193572998047,3.685993194580078,-0.006088802125304937,0.0,0.0,0.9996790885925293
25,,,,,,,,-1.3087693452835083,2.2500000341096893e-05,-0.01871493272483349,0.008470929227769375,1.554170846939087,0.01124119758605957,61.0,0.20070470869541168,69.74193572998047,3.685993194580078,-0.00569283589720726,0.0,0.0,0.9996747374534607
26,,,,,,,,-1.3110017776489258,7.593750342493877e-05,-0.02204686962068081,0.04880261793732643,1.5230200290679932,0.012166976928710938,62.0,0.20049718022346497,72.4117660522461,3.970777988433838,-0.022241121158003807,0.022770890966057777,0.0,0.9997498393058777
27,,,,,,,,-1.3239651918411255,3.3749998692655936e-05,-0.018810883164405823,4.225099563598633,1.5571346282958984,0.012304306030273438,61.0,0.20007814466953278,71.86111450195312,3.8923933506011963,-0.04895393177866936,7.754605770111084,-2.6041667461395264,0.9994487762451172
28,,,,,,,,-1.3356130123138428,0.00017085937724914402,-0.011233992874622345,1.1990312337875366,1.5196242332458496,0.011828899383544922,62.0,0.1997370421886444,71.86111450195312,3.8923933506011963,-0.019096488133072853,2.471916437149048,0.0,0.9995298981666565
29,,,,,,,,-1.3481453657150269,3.3749998692655936e-05,-0.0253467857837677,0.008635086938738823,1.511958122253418,0.011742115020751953,63.0,0.1995174139738083,71.86111450195312,3.8923933506011963,-0.004769494757056236,0.0,0.0,0.9996970295906067
30,,,,,,,,-1.3516769409179688,3.3749998692655936e-05,-0.020954160019755363,0.047455597668886185,1.5715641975402832,0.011241912841796875,60.0,0.19950053095817566,73.34210205078125,3.9809317588806152,-0.020099753513932228,0.0001014105582726188,0.0,0.9997541904449463
31,,,,,,,,-1.3524419069290161,7.593750342493877e-05,-0.0006906248745508492,1.8574788570404053,1.5247502326965332,0.011456012725830078,62.0,0.19947876036167145,74.67500305175781,4.119854927062988,-0.03958231583237648,5.0109405517578125,0.0,0.9995278716087341
32,,,,,,,,-1.3539893627166748,5.062499985797331e-05,-0.00688126590102911,0.7867014408111572,1.503938913345337,0.011436939239501953,63.0,0.1994154155254364,74.67500305175781,4.119854927062988,-0.02301310934126377,4.257648468017578,0.0,0.9995217323303223
33,,,,,,,,-1.3550597429275513,2.2500000341096893e-05,-0.01842818595468998,0.005669381469488144,1.5014173984527588,0.011862754821777344,63.0,0.19944486021995544,74.67500305175781,4.119854927062988,-0.005519468802958727,0.0,0.0,0.9996631741523743
34,,,,,,,,-1.3564157485961914,5.062499985797331e-05,-0.021118607372045517,0.020045174285769463,1.5189309120178223,0.011200904846191406,62.0,0.19923795759677887,75.88095092773438,4.245468616485596,-0.007929869927465916,1.2327667775480222e-07,0.0,0.9997019171714783
35,,,,,,,,-1.3665133714675903,5.062499985797331e-05,-0.020923035219311714,2.0225651264190674,1.5374610424041748,0.011354923248291016,61.0,0.1989881843328476,76.44186401367188,4.308340072631836,-0.047132838517427444,5.131402969360352,0.0,0.9995942115783691
36,,,,,,,,-1.3732157945632935,3.3749998692655936e-05,-0.02032504789531231,2.1498050689697266,1.5269241333007812,0.011514902114868164,62.0,0.1988328993320465,76.9772720336914,4.327657699584961,-0.027142174541950226,5.37169885635376,0.0,0.9994916915893555
37,,,,,,,,-1.3765747547149658,2.2500000341096893e-05,-0.017205914482474327,0.00827349629253149,1.5045108795166016,0.011178016662597656,63.0,0.19882576167583466,76.9772720336914,4.327657699584961,-0.005970978643745184,0.0,0.0,0.9996281266212463
38,,,,,,,,-1.377213478088379,2.2500000341096893e-05,-0.019131023436784744,0.007262466941028833,1.5223958492279053,0.011036872863769531,62.0,0.1987653225660324,77.4888916015625,4.3818230628967285,-0.007961530238389969,6.073487823776702e-10,0.0,0.9997155666351318
39,,,,,,,,-1.3791917562484741,5.062499985797331e-05,-0.02385389618575573,1.6639982461929321,1.528400182723999,0.01149296760559082,62.0,0.19874241948127747,78.44680786132812,4.494954586029053,-0.040027376264333725,3.82072377204895,0.0,0.9996468424797058
40,,,,,,,,-1.3798489570617676,1.4999999621068127e-05,-0.02788056619465351,0.7187981605529785,1.5010817050933838,0.011895179748535156,63.0,0.19872123003005981,78.89583587646484,4.550173282623291,-0.036272481083869934,2.5691826343536377,0.0,0.9994990825653076
41,,,,,,,,-1.3813822269439697,1.4999999621068127e-05,-0.020169880241155624,0.033531494438648224,1.519845962524414,0.011691093444824219,62.0,0.19864706695079803,78.89583587646484,4.550173282623291,-0.009381812997162342,1.372115135192871,0.0,0.9996069073677063
42,,,,,,,,-1.3851748704910278,5.062499985797331e-05,-0.010375509969890118,0.004079896956682205,1.5136001110076904,0.011956930160522461,62.0,0.19846685230731964,79.32653045654297,4.543150424957275,-0.007429236546158791,6.769527213096316e-12,0.0,0.9997532963752747
43,,,,,,,,-1.3908206224441528,1.4999999621068127e-05,-0.0265253446996212,0.8973660469055176,1.5346038341522217,0.01156306266784668,62.0,0.19838546216487885,80.13725280761719,4.637138366699219,-0.035743046551942825,2.5065078735351562,0.0,0.9997344613075256
44,,,,,,,,-1.39316725730896,5.062499985797331e-05,-0.026383239775896072,1.126167893409729,1.514958143234253,0.011754035949707031,62.0,0.19828513264656067,80.51923370361328,4.637076377868652,-0.03714489936828613,5.082253456115723,0.0,0.999498188495636
45,,,,,,,,-1.401648759841919,0.00017085937724914402,0.008975019678473473,0.3875252902507782,1.5183241367340088,0.011265993118286133,62.0,0.19784003496170044,80.51923370361328,4.637076377868652,-0.009208732284605503,2.547775983810425,0.0,0.9995929598808289
46,,,,,,,,-1.416520357131958,3.3749998692655936e-05,-0.031066520139575005,0.0015342123806476593,1.5193781852722168,0.012099981307983398,62.0,0.19764721393585205,80.51923370361328,4.637076377868652,-0.004875537008047104,0.0,0.0,0.9997568130493164
47,,,,,,,,-1.4162461757659912,5.062499985797331e-05,-0.031825579702854156,0.48187002539634705,1.5658879280090332,0.011233091354370117,60.0,0.197807177901268,81.58181762695312,4.755706787109375,-0.03555240109562874,1.7915254831314087,0.0,0.9997500777244568
48,,,,,,,,-1.412278175354004,3.3749998692655936e-05,-0.016755836084485054,0.7422206997871399,1.5250070095062256,0.011532068252563477,62.0,0.19782598316669464,81.91071319580078,4.793126106262207,-0.027370648458600044,4.162225723266602,0.0,0.9994987845420837
49,,,,,,,,-1.4126172065734863,9.999999747378752e-06,-0.011488745920360088,0.41512438654899597,1.504652976989746,0.011324167251586914,63.0,0.19781117141246796,81.91071319580078,4.793126106262207,-0.017354782670736313,2.615567922592163,0.0,0.9995700716972351
50,,,,,,,,-1.4122620820999146,2.2500000341096893e-05,-0.010485285893082619,0.0034056867007166147,1.5169494152069092,0.011391878128051758,62.0,0.19785147905349731,81.91071319580078,4.793126106262207,-0.005515216384083033,0.0,0.0,0.9997196197509766
51,,,,,,,,-1.4119758605957031,3.3749998692655936e-05,-0.021909445524215698,0.13896840810775757,1.547441005706787,0.011085033416748047,61.0,0.19780662655830383,82.53448486328125,4.8093180656433105,-0.019619232043623924,0.027312541380524635,0.0,0.9997445940971375
52,,,,,,,,-1.4140900373458862,3.3749998692655936e-05,-0.006366813089698553,1.6899012327194214,1.5242421627044678,0.011713027954101562,62.0,0.1977565884590149,83.11666870117188,4.878302574157715,-0.042124513536691666,7.635026931762695,0.0,0.999497652053833
53,,,,,,,,-1.4151575565338135,1.4999999621068127e-05,-0.02876775711774826,0.43052637577056885,1.504045009613037,0.012279033660888672,63.0,0.19776257872581482,83.11666870117188,4.878302574157715,-0.020628083497285843,2.520780324935913,0.0,0.9995163083076477
54,,,,,,,,-1.4118915796279907,0.00011390625149942935,-0.011180770583450794,0.008288083598017693,1.5156710147857666,0.01122593879699707,62.0,0.1981021612882614,83.11666870117188,4.878302574157715,-0.005703574046492577,0.0,0.0,0.9996656775474548
55,,,,,,,,-1.400235891342163,3.3749998692655936e-05,-0.03547115996479988,0.1093880832195282,1.537674903869629,0.011596202850341797,61.0,0.1981501281261444,83.66129302978516,4.937816619873047,-0.02239377796649933,0.00010099371866090223,0.0,0.9996979832649231
56,,,,,,,,-1.4032155275344849,0.00011390625149942935,-0.01752633787691593,0.7407712340354919,1.5200560092926025,0.011098146438598633,62.0,0.1980404108762741,84.171875,5.001174449920654,-0.04181581735610962,5.207065105438232,0.0,0.9994884133338928
57,,,,,,,,-1.4077600240707397,7.593750342493877e-05,-0.023116502910852432,0.5036760568618774,1.5038790702819824,0.012043952941894531,63.0,0.19787704944610596,84.171875,5.001174449920654,-0.020442506298422813,4.750814914703369,0.0,0.9995012283325195
58,,,,,,,,-1.4112459421157837,1.4999999621068127e-05,-0.011777559295296669,0.011635394766926765,1.507539987564087,0.011742353439331055,63.0,0.19787922501564026,84.171875,5.001174449920654,-0.005480042193084955,0.0,0.0,0.9996227622032166
59,,,,,,,,-1.4121286869049072,7.593750342493877e-05,-0.016045821830630302,0.0717954933643341,1.5346591472625732,0.011579036712646484,62.0,0.1977570354938507,84.6515121459961,5.0600504875183105,-0.008626804687082767,1.1077833761419242e-07,0.0,0.9996619820594788
60,,,,,,,,-1.418959617614746,2.2500000341096893e-05,-0.015710223466157913,0.5851896405220032,1.5531840324401855,0.011252880096435547,61.0,0.1975865662097931,84.88059997558594,5.073295593261719,-0.05090055242180824,4.069636344909668,0.0,0.9995729923248291
61,,,,,,,,-1.4224860668182373,3.3749998692655936e-05,-0.011816941201686859,0.7239272594451904,1.5138049125671387,0.012340068817138672,62.0,0.19754794239997864,85.10294342041016,5.103145122528076,-0.033690374344587326,5.188225269317627,0.0,0.9994867444038391
62,,,,,,,,-1.4207684993743896,5.062499985797331e-05,-0.010590290650725365,0.021128809079527855,1.915743112564087,0.01372218132019043,49.0,0.19772379100322723,85.10294342041016,5.103145122528076,-0.004976185970008373,0.0,0.0,0.9995968341827393
63,,,,,,,,-1.4156415462493896,2.2500000341096893e-05,-0.022116482257843018,0.038010917603969574,1.569188117980957,0.011116981506347656,60.0,0.19777792692184448,85.31884002685547,5.095439434051514,-0.008483302779495716,7.388048506307143e-10,0.0,0.9996800422668457
64,,,,,,,,-1.4154205322265625,5.062499985797331e-05,-0.013514372520148754,0.8563997149467468,1.5370140075683594,0.011305809020996094,62.0,0.19774314761161804,85.73239135742188,5.151492595672607,-0.028663115575909615,5.198385715484619,0.0,0.9996131062507629
65,,,,,,,,-1.416483998298645,5.062499985797331e-05,-0.01937944069504738,0.12429151684045792,1.512972116470337,0.012004852294921875,62.0,0.19772560894489288,85.93055725097656,5.174966812133789,-0.034414418041706085,1.9622656106948853,0.0,0.999474048614502
66,,,,,,,,-1.416141152381897,2.2500000341096893e-05,-0.027365218847990036,0.10516934096813202,1.527965784072876,0.012037038803100586,62.0,0.19777284562587738,85.93055725097656,5.174966812133789,-0.008176760748028755,2.590968132019043,0.0,0.9995429515838623
67,,,,,,,,-1.4130175113677979,3.3749998692655936e-05,-0.01784035563468933,0.03245915099978447,1.5368340015411377,0.011605978012084961,61.0,0.19792655110359192,86.123291015625,5.202733993530273,-0.007196215447038412,4.31702937286893e-12,0.0,0.9996657371520996
68,,,,,,,,-1.407208800315857,0.00011390625149942935,0.0002731334534473717,6.968987464904785,1.5349371433258057,0.010972738265991211,62.0,0.19810324907302856,85.68421173095703,5.12851095199585,-0.034050971269607544,1.1054879426956177,-2.6041667461395264,0.9997010827064514
69,,,,,,,,-1.4032690525054932,5.062499985797331e-05,-0.021856576204299927,0.4816964566707611,1.5177068710327148,0.011690139770507812,62.0,0.19811470806598663,85.87013244628906,5.15263032913208,-0.04574749246239662,7.08903694152832,0.0,0.9994762539863586
70,,,,,,,,-1.4030717611312866,3.3749998692655936e-05,-0.021491941064596176,4.446900844573975,1.5189719200134277,0.011254072189331055,62.0,0.19818446040153503,85.12820434570312,5.075892448425293,-0.010678271763026714,1.893868327140808,-2.6041667461395264,0.9995536208152771
71,,,,,,,,-1.397855281829834,3.3749998692655936e-05,-0.03221479803323746,0.11382073909044266,1.515388011932373,0.011255025863647461,62.0,0.19839084148406982,85.12820434570312,5.075892448425293,-0.015448304824531078,1.1338250637054443,0.0,0.9995297789573669
72,,,,,,,,-1.393139123916626,1.4999999621068127e-05,-0.011672821827232838,0.05385342240333557,1.521644115447998,0.010991811752319336,62.0,0.19843079149723053,85.5,5.10546875,-0.019643941894173622,3.773112666749512e-06,0.0,0.999699056148529
73,,,,,,,,-1.3930280208587646,5.062499985797331e-05,-0.02448682300746441,0.9378222823143005,1.515965223312378,0.010786056518554688,62.0,0.1983920931816101,85.67901611328125,5.1285200119018555,-0.04802732542157173,6.289736270904541,0.0,0.9995130896568298
74,,,,,,,,-1.39677095413208,3.3749998692655936e-05,-0.022781183943152428,0.05813778564333916,1.5214290618896484,0.011711835861206055,62.0,0.1982279121875763,85.8536605834961,5.116486549377441,-0.007918845862150192,4.2912259856642265e-10,0.0,0.9995600581169128
75,,,,,,,,-1.4040961265563965,3.3749998692655936e-05,-0.00705172261223197,0.05452830344438553,1.523953914642334,0.014913082122802734,62.0,0.19798991084098816,85.8536605834961,5.116486549377441,-0.020613672211766243,1.5585073232650757,0.0,0.9995706677436829
76,,,,,,,,-1.4149079322814941,0.00011390625149942935,-0.018584495410323143,0.042061783373355865,1.5758349895477295,0.012571096420288086,60.0,0.1975129246711731,86.02409362792969,5.136779308319092,-0.007238868623971939,6.611751590668291e-09,0.0,0.9996755719184875
77,,,,,,,,-1.4286891222000122,1.4999999621068127e-05,-0.035718582570552826,0.534025251865387,1.541020154953003,0.011410951614379883,61.0,0.19741591811180115,86.35294342041016,5.146880626678467,-0.04799060896039009,4.041474342346191,0.0,0.999599039554596
78,,,,,,,,-1.4283945560455322,3.3749998692655936e-05,-0.01900147646665573,4.04359769821167,1.5265960693359375,0.011366844177246094,62.0,0.19753485918045044,85.83908081054688,5.072580814361572,-0.022546684369444847,1.7358654737472534,-2.6041667461395264,0.9995042681694031
79,,,,,,,,-1.4238160848617554,0.00011390625149942935,-0.004553102422505617,0.2637752294540405,1.515873908996582,0.01108407974243164,62.0,0.1976090669631958,85.83908081054688,5.072580814361572,-0.02383783459663391,5.084766864776611,0.0,0.9994699954986572
80,,,,,,,,-1.4256670475006104,5.062499985797331e-05,-0.017260614782571793,0.02942478656768799,1.5134971141815186,0.011703968048095703,62.0,0.19743359088897705,86.0,5.070952415466309,-0.0075356909073889256,5.94248608654091e-11,0.0,0.9996350407600403
81,,,,,,,,-1.4288398027420044,2.2500000341096893e-05,-0.01291582826524973,0.1153673455119133,1.5296669006347656,0.012009143829345703,62.0,0.19739700853824615,86.15730285644531,5.0895161628723145,-0.03594490513205528,1.8347797393798828,0.0,0.999610424041748
82,,,,,,,,-1.4309215545654297,2.2500000341096893e-05,-0.02455056644976139,0.08871375024318695,1.5212788581848145,0.011729001998901367,62.0,0.1972770243883133,86.31111145019531,5.109058380126953,-0.010097864083945751,1.607549786567688,0.0,0.9995441436767578
83,,,,,,,,-1.4373846054077148,5.062499985797331e-05,-0.011110539548099041,0.324636310338974,1.5218398571014404,0.011129140853881836,62.0,0.19701319932937622,86.46154022216797,5.127938747406006,-0.03414541855454445,5.1545796394348145,0.0,0.9995667338371277
84,,,,,,,,-1.4453274011611938,3.3749998692655936e-05,-0.020042818039655685,0.02011736109852791,1.5257058143615723,0.011341094970703125,62.0,0.196907177567482,86.60869598388672,5.131570816040039,-0.004975607618689537,0.0,0.0,0.999602735042572
85,,,,,,,,-1.447896122932434,2.2500000341096893e-05,-0.026266466826200485,0.14259493350982666,1.5460669994354248,0.010887861251831055,61.0,0.19688154757022858,86.752685546875,5.130767822265625,-0.03331264853477478,2.5643370151519775,0.0,0.9996746182441711
86,,,,,,,,-1.4478845596313477,7.593750342493877e-05,-0.021608900278806686,0.06625834107398987,1.5421929359436035,0.11119675636291504,58.0,0.19695784151554108,86.89361572265625,5.15022087097168,-0.012041975744068623,1.9849966764450073,0.0,0.9994933009147644
87,,,,,,,,-1.4455174207687378,1.4999999621068127e-05,-0.023415856063365936,0.13148878514766693,1.5249037742614746,0.011496305465698242,62.0,0.19697149097919464,87.03157806396484,5.168168067932129,-0.038783520460128784,2.6401286125183105,0.0,0.999629557132721
88,,,,,,,,-1.4457592964172363,2.2500000341096893e-05,-0.013144832104444504,0.0350075289607048,1.5365197658538818,0.011128902435302734,62.0,0.1969853788614273,87.03157806396484,5.168168067932129,-0.007854540832340717,2.124938488006592,0.0,0.9995409846305847
89,,,,,,,,-1.441873550415039,0.00017085937724914402,-0.016719702631235123,0.20503976941108704,1.578613042831421,0.01197195053100586,60.0,0.19730529189109802,87.29896545410156,5.192021369934082,-0.021187687292695045,2.5428085327148438,0.0,0.9997310638427734
90,,,,,,,,-1.425879955291748,5.062499985797331e-05,-0.0343460813164711,0.25618013739585876,1.5646681785583496,0.011131048202514648,60.0,0.19765524566173553,87.42857360839844,5.210288047790527,-0.0233635101467371,1.431822657585144,0.0,0.9994766116142273
91,,,,,,,,-1.4214342832565308,1.4999999621068127e-05,-0.02931879833340645,0.09200803935527802,1.53794527053833,0.012062788009643555,61.0,0.1976698637008667,87.55555725097656,5.218973636627197,-0.02830619178712368,2.5699398517608643,0.0,0.9997062087059021
92,,,,,,,,-1.4208428859710693,0.00017085937724914402,-0.012587985955178738,0.06281072646379471,1.5238878726959229,0.011615991592407227,62.0,0.1976666897535324,87.55555725097656,5.218973636627197,-0.007186021190136671,2.5362789630889893,0.0,0.9995233416557312
93,,,,,,,,-1.4231212139129639,1.4999999621068127e-05,-0.02146396040916443,0.05261528864502907,1.5365309715270996,0.010985851287841797,62.0,0.1975959837436676,88.43000030517578,5.302201271057129,-0.019996123388409615,0.0025485099758952856,0.0,0.999769389629364
94,,,,,,,,-1.4236410856246948,2.2500000341096893e-05,-0.01723887398838997,0.09272437542676926,1.5305488109588623,0.011858940124511719,62.0,0.19758827984333038,88.43000030517578,5.302201271057129,-0.01821279712021351,4.704163551330566,0.0,0.9994950890541077
95,,,,,,,,-1.4270211458206177,7.593750342493877e-05,-0.021209970116615295,0.30851835012435913,1.538604974746704,0.011834859848022461,61.0,0.19729112088680267,89.52999877929688,5.33275032043457,-0.022159257903695107,2.685633420944214,0.0,0.9997334480285645
96,,,,,,,,-1.437697410583496,9.999999747378752e-06,-0.031869422644376755,0.08845821022987366,1.5147058963775635,0.011461019515991211,62.0,0.19717949628829956,89.52999877929688,5.33275032043457,-0.014927509240806103,2.6795170307159424,0.0,0.9995025992393494
97,,,,,,,,-1.4381227493286133,0.00011390625149942935,-0.016924399882555008,0.042686577886343,1.5451910495758057,0.011862039566040039,61.0,0.19723033905029297,91.0199966430664,5.496058464050293,-0.01723788119852543,3.6380995425133733e-06,0.0,0.9997596144676208
98,,,,,,,,-1.4343599081039429,2.2500000341096893e-05,-0.008044012822210789,0.1051325798034668,1.5255699157714844,0.010941028594970703,62.0,0.19735878705978394,91.0199966430664,5.496058464050293,-0.019326331093907356,5.245315074920654,0.0,0.9995365738868713
99,,,,,,,,-1.4322189092636108,9.999999747378752e-06,-0.027858933433890343,0.05492836609482765,1.5366790294647217,0.011430025100708008,62.0,0.19737066328525543,91.12000274658203,5.5019121170043945,-0.01911981776356697,0.010714161209762096,0.0,0.9997223019599915
100,,,,,,,,-1.4320392608642578,9.999999747378752e-06,-0.021411556750535965,0.07762232422828674,1.6190919876098633,0.015622854232788086,58.0,0.1973777562379837,91.12000274658203,5.5019121170043945,-0.018356962129473686,4.997466564178467,0.0,0.9994832873344421
101,,,,,,,,-1.4303828477859497,5.062499985797331e-05,-0.013294956646859646,0.03203226998448372,1.6912081241607666,0.012157917022705078,56.0,0.1975066363811493,91.12000274658203,5.504652976989746,-0.007711011450737715,8.950789442963014e-09,0.0,0.9997323155403137
102,,,,,,,,-1.4245585203170776,1.4999999621068127e-05,-0.024019815027713776,0.13654039800167084,1.5846471786499023,0.01435708999633789,60.0,0.19763825833797455,91.12000274658203,5.511350154876709,-0.03268881142139435,5.13642692565918,0.0,0.9996345639228821
103,,,,,,,,-1.4233059883117676,0.00011390625149942935,-0.01994236186146736,0.06539832055568695,1.5456678867340088,0.011512041091918945,61.0,0.19757148623466492,91.8499984741211,5.575465202331543,-0.018636783584952354,1.625179356778972e-05,0.0,0.9996907114982605
104,,,,,,,,-1.427471399307251,2.2500000341096893e-05,-0.01831711269915104,0.08780144900083542,1.5320408344268799,0.011776208877563477,62.0,0.19746510684490204,91.8499984741211,5.575465202331543,-0.03680672124028206,4.92676305770874,0.0,0.9995476603507996
105,,,,,,,,-1.4306610822677612,3.3749998692655936e-05,-0.015275863930583,0.01830962300300598,1.5278210639953613,0.010793924331665039,62.0,0.19739381968975067,92.58000183105469,5.651511192321777,-0.008058895356953144,8.96693552743244e-11,0.0,0.9997334480285645
106,,,,,,,,-1.4325255155563354,3.3749998692655936e-05,-0.006083134561777115,0.07759489119052887,1.5364618301391602,0.011211156845092773,62.0,0.19739682972431183,93.31999969482422,5.7279863357543945,-0.050347160547971725,2.657632350921631,0.0,0.9996989369392395
107,,,,,,,,-1.4314481019973755,2.2500000341096893e-05,-0.022316209971904755,0.05232711136341095,1.5374391078948975,0.011772871017456055,61.0,0.19745150208473206,93.31999969482422,5.725668430328369,-0.011353328824043274,2.426589012145996,0.0,0.9996049404144287
108,,,,,,,,-1.4316428899765015,7.593750342493877e-05,-0.01609213463962078,0.08912145346403122,1.5257291793823242,0.011768817901611328,62.0,0.19733931124210358,93.31999969482422,5.724594593048096,-0.04552164301276207,5.146769046783447,0.0,0.9996025562286377
109,,,,,,,,-1.4456745386123657,7.593750342493877e-05,-0.009096292778849602,0.00972254853695631,1.5106487274169922,0.011566162109375,63.0,0.19656412303447723,93.31999969482422,5.733469486236572,-0.005069123115390539,0.0,0.0,0.9996607303619385
110,,,,,,,,-1.4694162607192993,1.4999999621068127e-05,-0.03220817819237709,0.3598376512527466,1.5397582054138184,0.010987043380737305,61.0,0.1962340623140335,93.31999969482422,5.731265544891357,-0.03542713820934296,1.7985914945602417,0.0,0.9997501969337463
111,,,,,,,,-1.4751085042953491,1.4999999621068127e-05,-0.00923764519393444,0.1613030731678009,1.5332021713256836,0.011583089828491211,62.0,0.19616860151290894,93.31999969482422,5.730404853820801,-0.01372597273439169,1.793325424194336,0.0,0.999570369720459
112,,,,,,,,-1.4770389795303345,3.3749998692655936e-05,-0.009495193138718605,0.05201946571469307,1.5281569957733154,0.011045217514038086,62.0,0.1961202323436737,93.31999969482422,5.732409954071045,-0.035021644085645676,2.6430184841156006,0.0,0.9996819496154785
113,,,,,,,,-1.4785927534103394,3.3749998692655936e-05,-0.025268075987696648,0.020452242344617844,1.5399501323699951,0.012071847915649414,61.0,0.19608527421951294,93.31999969482422,5.732409954071045,-0.00728340120986104,2.5149412155151367,0.0,0.9996064305305481
114,,,,,,,,-1.4797093868255615,7.593750342493877e-05,-0.01418291311711073,0.04889267310500145,1.536811113357544,0.011409997940063477,62.0,0.1960754692554474,94.05000305175781,5.778531074523926,-0.025465227663517,2.45949649810791,0.0,0.9997825622558594
115,,,,,,,,-1.48074471950531,9.999999747378752e-06,-0.013338289223611355,0.07006103545427322,1.5274040699005127,0.011771202087402344,62.0,0.19602693617343903,94.05000305175781,5.78097677230835,-0.02089201658964157,2.267833948135376,0.0,0.9995318055152893
116,,,,,,,,-1.4818150997161865,1.4999999621068127e-05,-0.009387156926095486,0.043262459337711334,1.5326037406921387,0.011288166046142578,62.0,0.19601480662822723,94.05000305175781,5.805505275726318,-0.03641992434859276,2.5529634952545166,0.0,0.999753475189209
117,,,,,,,,-1.4815504550933838,0.00011390625149942935,-0.013461912982165813,0.026142530143260956,1.5181467533111572,0.011222124099731445,62.0,0.1960231065750122,94.05000305175781,5.805505275726318,-0.009205305017530918,2.584642171859741,0.0,0.9996007084846497
118,,,,,,,,-1.4814682006835938,3.3749998692655936e-05,-0.02997824177145958,0.02233719453215599,1.5420682430267334,0.011742830276489258,61.0,0.19605965912342072,95.55999755859375,5.972836494445801,-0.02112930826842785,0.0032014327589422464,0.0,0.9998359680175781
119,,,,,,,,-1.4778022766113281,7.593750342493877e-05,-0.011560804210603237,0.057282283902168274,1.533829927444458,0.011085033416748047,62.0,0.19621117413043976,95.55999755859375,5.972836494445801,-0.03954526036977768,5.046952724456787,0.0,0.9995319843292236
120,,,,,,,,-1.47150456905365,5.062499985797331e-05,-0.008240476250648499,0.0360628105700016,1.5492439270019531,0.012309074401855469,61.0,0.19641278684139252,95.55999755859375,5.976743221282959,-0.02148161642253399,2.531660795211792,0.0,0.9997552037239075
121,,,,,,,,-1.465136170387268,2.2500000341096893e-05,-0.026315148919820786,0.03174757584929466,1.5249841213226318,0.01213383674621582,62.0,0.19653098285198212,95.55999755859375,5.976743221282959,-0.054375696927309036,2.658249616622925,0.0,0.9995384216308594
122,,,,,,,,-1.4634428024291992,5.062499985797331e-05,-0.019069163128733635,0.017221394926309586,1.5323419570922852,0.011706113815307617,62.0,0.19652898609638214,96.31999969482422,6.072749137878418,-0.020077722147107124,3.102940354438033e-06,0.0,0.9998085498809814
123,,,,,,,,-1.4635075330734253,5.062499985797331e-05,-0.007695097476243973,1.060352087020874,1.5300309658050537,0.01175999641418457,62.0,0.1965649425983429,96.31999969482422,6.072749137878418,-0.026703432202339172,2.8683948516845703,0.0,0.9995937943458557
124,,,,,,,,-1.4630974531173706,3.3749998692655936e-05,-0.032004233449697495,0.022636443376541138,1.5459299087524414,0.011097192764282227,61.0,0.1965256929397583,97.05999755859375,6.157411098480225,-0.039182256907224655,0.010296131484210491,0.0,0.9997859001159668
125,,,,,,,,-1.4649356603622437,3.3749998692655936e-05,-0.014036128297448158,0.033870063722133636,1.5189130306243896,0.011652946472167969,62.0,0.19647376239299774,97.05999755859375,6.157411098480225,-0.053434815257787704,5.081241607666016,0.0,0.999544620513916
126,,,,,,,,-1.4660165309906006,5.062499985797331e-05,-0.019818998873233795,0.008113251999020576,1.5314180850982666,0.011420011520385742,62.0,0.19648894667625427,97.05999755859375,6.149919509887695,-0.007462015375494957,6.170077337941393e-09,0.0,0.9998167157173157
127,,,,,,,,-1.4656307697296143,9.999999747378752e-06,-0.024848680943250656,0.17302612960338593,1.5360541343688965,0.011325836181640625,62.0,0.19648317992687225,97.05999755859375,6.113323211669922,-0.03497648611664772,3.8262779712677,0.0,0.9996611475944519
128,,,,,,,,-1.4652148485183716,7.593750342493877e-05,-0.017214808613061905,0.02133345790207386,1.5359148979187012,0.011049985885620117,62.0,0.19655822217464447,97.05999755859375,6.112142562866211,-0.019269248470664024,1.7026921341312118e-05,0.0,0.9997135996818542
129,,,,,,,,-1.4631128311157227,1.4999999621068127e-05,-0.03674410656094551,0.0948205515742302,1.528869867324829,0.011311054229736328,62.0,0.19656750559806824,97.05999755859375,6.112142562866211,-0.026662370190024376,4.368353366851807,0.0,0.9995942115783691
130,,,,,,,,-1.4631903171539307,0.00011390625149942935,-0.013617723248898983,0.007281601428985596,1.531890869140625,0.011620044708251953,62.0,0.19656483829021454,97.80999755859375,6.182063102722168,-0.007320004049688578,7.5692924150772e-11,0.0,0.999771773815155
131,,,,,,,,-1.467108130455017,1.4999999621068127e-05,-0.025116724893450737,0.14921694993972778,1.5390558242797852,0.011445999145507812,61.0,0.19640681147575378,97.80999755859375,6.184887886047363,-0.04930165037512779,1.7429934740066528,0.0,0.9997182488441467
132,,,,,,,,-1.4723765850067139,0.0002562890585977584,-0.007946440018713474,0.04095403477549553,1.537297010421753,0.011638879776000977,61.0,0.19601808488368988,97.80999755859375,6.183139324188232,-0.012967095710337162,2.6460025310516357,0.0,0.999615490436554
133,,,,,,,,-1.4913936853408813,1.4999999621068127e-05,-0.013150494545698166,0.02859697863459587,1.5231077671051025,0.01143503189086914,62.0,0.19569003582000732,97.80999755859375,6.184882164001465,-0.03800121322274208,4.710020542144775,0.0,0.9996123909950256
134,,,,,,,,-1.4959114789962769,2.2500000341096893e-05,-0.009532161056995392,0.003249842906370759,1.5265789031982422,0.010909318923950195,62.0,0.19564980268478394,97.80999755859375,6.170376777648926,-0.005388312507420778,0.0,0.0,0.9996616840362549
135,,,,,,,,-1.4962818622589111,1.4999999621068127e-05,-0.011517923325300217,0.028528574854135513,1.5475850105285645,0.011904716491699219,61.0,0.1956731230020523,97.80999755859375,6.1741790771484375,-0.03036654181778431,2.559492588043213,0.0,0.999728262424469
136,,,,,,,,-1.4946916103363037,5.062499985797331e-05,-0.012498784810304642,0.01716202311217785,1.5404987335205078,0.010992288589477539,61.0,0.1957511454820633,97.80999755859375,6.173548698425293,-0.009681560099124908,2.5041134357452393,0.0,0.9995591044425964
137,,,,,,,,-1.4919438362121582,9.999999747378752e-06,-0.024040229618549347,0.40100526809692383,1.535231113433838,0.011145830154418945,62.0,0.1957833170890808,97.80999755859375,6.165789604187012,-0.02640519104897976,1.1606851816177368,0.0,0.9996698498725891
138,,,,,,,,-1.4913718700408936,3.3749998692655936e-05,-0.020502373576164246,0.01539553515613079,1.5312128067016602,0.011647939682006836,62.0,0.19579803943634033,97.80999755859375,6.165789604187012,-0.007897899486124516,2.556131362915039,0.0,0.9995816349983215
139,,,,,,,,-1.4913959503173828,2.2500000341096893e-05,-0.013904135674238205,0.10487886518239975,1.7894198894500732,0.012827873229980469,53.0,0.19575989246368408,97.80999755859375,6.183027744293213,-0.017594825476408005,2.6238765716552734,0.0,0.9997639656066895
140,,,,,,,,-1.4929940700531006,1.4999999621068127e-05,-0.011080705560743809,0.02628561668097973,1.5405399799346924,0.011250019073486328,61.0,0.19573143124580383,97.80999755859375,6.1544671058654785,-0.019212061539292336,2.5263020992279053,0.0,0.9995310306549072
141,,,,,,,,-1.4927735328674316,0.00011390625149942935,-0.018765605986118317,0.02087141014635563,1.5367650985717773,0.010890960693359375,62.0,0.1957951933145523,97.80999755859375,6.15285587310791,-0.025446059182286263,2.591722249984741,0.0,0.999721348285675
142,,,,,,,,-1.4900089502334595,7.593750342493877e-05,0.008909509517252445,0.018664544448256493,1.520876169204712,0.011564016342163086,62.0,0.19583195447921753,97.80999755859375,6.15285587310791,-0.007877642288804054,2.645376205444336,0.0,0.9995438456535339
143,,,,,,,,-1.491807460784912,1.4999999621068127e-05,-0.027857840061187744,0.011080961674451828,1.5966689586639404,0.01188206672668457,59.0,0.1957254409790039,97.80999755859375,6.177546501159668,-0.02025388926267624,0.0024684492964297533,0.0,0.9997981190681458
144,,,,,,,,-1.494059443473816,0.00011390625149942935,-0.014516863971948624,0.023271339014172554,1.5374929904937744,0.01093602180480957,61.0,0.19572027027606964,97.80999755859375,6.177546501159668,-0.02351534366607666,5.064693927764893,0.0,0.9995371699333191
145,,,,,,,,-1.4945415258407593,2.2500000341096893e-05,-0.033327892422676086,0.06623192131519318,1.54010009765625,0.010986089706420898,61.0,0.1956775039434433,97.80999755859375,6.1785969734191895,-0.02156832627952099,1.800843358039856,0.0,0.9997550845146179
146,,,,,,,,-1.4969251155853271,7.593750342493877e-05,-0.02675073780119419,0.026469307020306587,1.524825096130371,0.011397838592529297,62.0,0.1955413520336151,97.80999755859375,6.1785969734191895,-0.015876667574048042,2.603621244430542,0.0,0.9995356202125549
147,,,,,,,,-1.5004994869232178,3.3749998692655936e-05,-0.029992271214723587,0.006610425189137459,1.5275259017944336,0.011722087860107422,62.0,0.19550803303718567,97.80999755859375,6.201070785522461,-0.01923905313014984,3.4507875170675106e-06,0.0,0.9998038411140442
148,,,,,,,,-1.5014965534210205,5.062499985797331e-05,-0.01672552525997162,0.038080845028162,1.530358076095581,0.011193037033081055,62.0,0.19544506072998047,97.80999755859375,6.201070785522461,-0.01790539175271988,5.033697605133057,0.0,0.999565601348877
149,,,,,,,,-1.5037059783935547,2.2500000341096893e-05,-0.03344181180000305,0.01310965046286583,1.560865879058838,0.011728286743164062,61.0,0.19540391862392426,97.80999755859375,6.188139915466309,-0.018629608675837517,0.009257222525775433,0.0,0.9997355937957764
150,,,,,,,,-1.5045280456542969,0.00011390625149942935,-0.019004233181476593,0.019059667363762856,1.5158729553222656,0.011732101440429688,62.0,0.19538454711437225,97.80999755859375,6.188139915466309,-0.022714680060744286,4.970986843109131,0.0,0.9995147585868835
151,,,,,,,,-1.5067839622497559,7.593750342493877e-05,-0.02356012538075447,0.0036406992003321648,1.5481109619140625,0.012232065200805664,61.0,0.19527539610862732,97.80999755859375,6.188726425170898,-0.007354388013482094,8.004747975576265e-09,0.0,0.9997777938842773
152,,,,,,,,-1.5116686820983887,2.2500000341096893e-05,-0.012697400525212288,0.06243334710597992,1.5478971004486084,0.010894775390625,61.0,0.19515348970890045,97.80999755859375,6.20158052444458,-0.0361115001142025,5.173901557922363,0.0,0.9996455311775208
153,,,,,,,,-1.515653371810913,7.593750342493877e-05,-0.01657659374177456,0.011937728151679039,1.5404181480407715,0.011372804641723633,61.0,0.1950090080499649,97.80999755859375,6.21733283996582,-0.018668217584490776,1.7110038243117742e-05,0.0,0.999668300151825
154,,,,,,,,-1.5202008485794067,2.2500000341096893e-05,-0.024152882397174835,0.20017093420028687,1.525834083557129,0.01158595085144043,62.0,0.19497793912887573,97.80999755859375,6.21733283996582,-0.022349556908011436,4.205377101898193,0.0,0.9995408654212952
155,,,,,,,,-1.5222831964492798,1.4999999621068127e-05,-0.024475153535604477,0.003681930946186185,1.5258712768554688,0.011526823043823242,62.0,0.1949245184659958,97.80999755859375,6.215946197509766,-0.00856222864240408,8.979222920757479e-11,0.0,0.9997184872627258
156,,,,,,,,-1.5243911743164062,7.593750342493877e-05,-0.015140416100621223,0.032814882695674896,1.529606819152832,0.01160120964050293,62.0,0.19484169781208038,97.80999755859375,6.217779159545898,-0.02802090346813202,2.6833736896514893,0.0,0.9996879696846008
157,,,,,,,,-1.5310086011886597,7.593750342493877e-05,-0.02628079429268837,0.0174325592815876,1.5542340278625488,0.011561155319213867,61.0,0.194667786359787,97.80999755859375,6.219080924987793,-0.01050811167806387,2.623155355453491,0.0,0.9996463656425476
158,,,,,,,,-1.5344839096069336,1.4999999621068127e-05,-0.03026752360165119,0.05115358531475067,1.5492830276489258,0.011859893798828125,61.0,0.1946563720703125,97.80999755859375,6.200097560882568,-0.034460678696632385,4.626619338989258,0.0,0.9996433854103088
159,,,,,,,,-1.5349528789520264,5.062499985797331e-05,-0.016017695888876915,0.001551621942780912,1.5522527694702148,0.010914087295532227,61.0,0.1946602165699005,97.80999755859375,6.203130722045898,-0.0047307307831943035,0.0,0.0,0.9996716380119324
160,,,,,,,,-1.5358672142028809,9.999999747378752e-06,-0.018072569742798805,0.02067696489393711,1.56247878074646,0.012151956558227539,60.0,0.1946432888507843,97.80999755859375,6.203861713409424,-0.031171979382634163,2.5917277336120605,0.0,0.9997531771659851
161,,,,,,,,-1.5355615615844727,0.00011390625149942935,-0.02299981191754341,0.019107487052679062,1.5578508377075195,0.011298894882202148,61.0,0.19473378360271454,97.80999755859375,6.195217609405518,-0.011730317026376724,2.6185786724090576,0.0,0.9995654225349426
162,,,,,,,,-1.5314431190490723,9.999999747378752e-06,-0.013388186693191528,5.9519147872924805,1.5805959701538086,0.01176905632019043,60.0,0.1948099136352539,97.05999755859375,6.116947174072266,-0.03682403266429901,1.6049925088882446,-2.6041667461395264,0.9997286796569824
163,,,,,,,,-1.5302128791809082,3.3749998692655936e-05,-0.011771386489272118,0.06254731863737106,1.5250139236450195,0.011744022369384766,62.0,0.1948547065258026,97.05999755859375,6.116947174072266,-0.018860885873436928,4.15181303024292,0.0,0.9995480179786682
164,,,,,,,,-1.5287353992462158,5.062499985797331e-05,-0.01812717691063881,0.04214537888765335,1.5311732292175293,0.011382818222045898,62.0,0.1948777437210083,97.05999755859375,6.138891220092773,-0.019778629764914513,1.8874272108078003,0.0,0.9997536540031433
165,,,,,,,,-1.528313159942627,3.3749998692655936e-05,-0.01642652228474617,0.01841389574110508,1.5282580852508545,0.012095928192138672,62.0,0.19489508867263794,97.05999755859375,6.138891220092773,-0.019594600424170494,2.540278911590576,0.0,0.9995296597480774
166,,,,,,,,-1.5291473865509033,5.062499985797331e-05,-0.022613829001784325,0.004120464902371168,1.5427210330963135,0.011122941970825195,61.0,0.19479972124099731,97.05999755859375,6.119680404663086,-0.014573127031326294,0.00011187983182026073,0.0,0.9997814297676086
167,,,,,,,,-1.5333733558654785,3.3749998692655936e-05,-0.03463687002658844,0.4986838698387146,1.5366971492767334,0.011358022689819336,62.0,0.1946846842765808,97.05999755859375,6.119680404663086,-0.021264364942908287,3.612093687057495,0.0,0.9995737075805664
168,,,,,,,,-1.5347709655761719,2.2500000341096893e-05,-0.03146560862660408,0.008030283264815807,1.5451819896697998,0.011823177337646484,61.0,0.1946990191936493,97.05999755859375,6.1048173904418945,-0.01851971633732319,0.002545202849432826,0.0,0.9997499585151672
169,,,,,,,,-1.5338462591171265,0.00011390625149942935,-0.009321531280875206,0.03602313622832298,1.5285639762878418,0.011212825775146484,62.0,0.19471588730812073,97.05999755859375,6.1048173904418945,-0.01864163763821125,4.944262504577637,0.0,0.9995233416557312
170,,,,,,,,-1.5359203815460205,5.062499985797331e-05,-0.02060556598007679,0.002748683327808976,1.5352451801300049,0.01181483268737793,62.0,0.19454462826251984,97.05999755859375,6.118219375610352,-0.006852079648524523,1.452441154015105e-07,0.0,0.9997850060462952
171,,,,,,,,-1.543765902519226,9.999999747378752e-06,-0.03921401500701904,0.11598040163516998,1.5241732597351074,0.01199793815612793,62.0,0.1943996548652649,97.80999755859375,6.180875301361084,-0.030528297647833824,5.1726298332214355,0.0,0.9996160864830017
172,,,,,,,,-1.5470428466796875,2.2500000341096893e-05,-0.0243994127959013,0.023771442472934723,1.528367042541504,0.011472940444946289,62.0,0.19434261322021484,98.52999877929688,6.253581523895264,-0.02224968932569027,2.4325211143150227e-06,0.0,0.9996532797813416
173,,,,,,,,-1.547883152961731,9.999999747378752e-06,-0.04308716207742691,0.39479511976242065,1.5396459102630615,0.011302947998046875,61.0,0.19437313079833984,98.52999877929688,6.253581523895264,-0.02538496069610119,3.3019368648529053,0.0,0.9995582103729248
174,,,,,,,,-1.5483155250549316,0.0002562890585977584,-0.009308631531894207,0.0022322717122733593,1.5361371040344238,0.012742757797241211,61.0,0.1941642463207245,98.52999877929688,6.252511978149414,-0.007242449093610048,6.089295734312827e-10,0.0,0.9997274875640869
175,,,,,,,,-1.5590767860412598,9.999999747378752e-06,0.006574674509465694,0.30534276366233826,1.5336129665374756,0.012578964233398438,62.0,0.19404932856559753,98.52999877929688,6.266922473907471,-0.030485669150948524,1.1527594327926636,0.0,0.9997027516365051
176,,,,,,,,-1.559857726097107,0.00017085937724914402,-0.006196874659508467,0.016895871609449387,1.5747179985046387,0.011307239532470703,60.0,0.19408078491687775,98.52999877929688,6.255247116088867,-0.010405496694147587,2.4931137561798096,0.0,0.9996662735939026
177,,,,,,,,-1.5578296184539795,2.2500000341096893e-05,-0.020200390368700027,0.14134089648723602,1.7697179317474365,0.017138957977294922,53.0,0.19416086375713348,98.52999877929688,6.2582879066467285,-0.03393682464957237,4.063726425170898,0.0,0.9996459484100342
178,,,,,,,,-1.559870958328247,7.593750342493877e-05,-0.019558224827051163,0.004250021651387215,1.63181734085083,0.011338949203491211,58.0,0.1938999444246292,98.52999877929688,6.231987953186035,-0.008089457638561726,4.297910551759321e-12,0.0,0.99970942735672
179,,,,,,,,-1.5742623805999756,3.3749998692655936e-05,-0.021469322964549065,0.2456749677658081,1.551750898361206,0.011091947555541992,61.0,0.1934928596019745,98.52999877929688,6.258286952972412,-0.03048827312886715,1.1767171621322632,0.0,0.9997559189796448
180,,,,,,,,-1.5843818187713623,7.593750342493877e-05,0.0038709111977368593,0.03552379459142685,1.5364570617675781,0.011040925979614258,62.0,0.19330592453479767,98.52999877929688,6.257157325744629,-0.012479747645556927,2.487994909286499,0.0,0.999657392501831
181,,,,,,,,-1.5879452228546143,9.999999747378752e-06,-0.008757959119975567,0.1052333265542984,1.5472378730773926,0.011048316955566406,61.0,0.19333769381046295,99.25,6.316537857055664,-0.029363634064793587,1.5514017343521118,0.0,0.9997476935386658
182,,,,,,,,-1.5869667530059814,0.00017085937724914402,-0.00960706640034914,0.013525138609111309,1.5528581142425537,0.011137723922729492,61.0,0.19329765439033508,99.25,6.316537857055664,-0.006118218880146742,2.1094982624053955,0.0,0.9996747970581055
183,,,,,,,,-1.5906211137771606,1.4999999621068127e-05,-0.02920462004840374,0.031615760177373886,1.5460867881774902,0.01125192642211914,61.0,0.1931946873664856,99.25,6.3272809982299805,-0.0227060467004776,1.767370581626892,0.0,0.9997968673706055
184,,,,,,,,-1.5928151607513428,7.593750342493877e-05,-0.007733479142189026,0.06813271343708038,1.5257117748260498,0.011141061782836914,62.0,0.19307149946689606,99.25,6.309277534484863,-0.02449493110179901,2.5785562992095947,0.0,0.9995879530906677
185,,,,,,,,-1.5992532968521118,3.3749998692655936e-05,-0.02641337364912033,0.07573726028203964,1.5397429466247559,0.011096000671386719,61.0,0.19292128086090088,99.25,6.301097869873047,-0.03608347475528717,1.6278284788131714,0.0,0.9997465014457703
186,,,,,,,,-1.6014066934585571,9.999999747378752e-06,-0.026596900075674057,0.004652922507375479,1.5518760681152344,0.011459112167358398,61.0,0.19294916093349457,99.25,6.301097869873047,-0.006871697958558798,2.091926336288452,0.0,0.9996111989021301
187,,,,,,,,-1.6007187366485596,7.593750342493877e-05,-0.014755642041563988,0.0076647005043923855,1.5579478740692139,0.011451244354248047,61.0,0.1929396390914917,99.25,6.300730228424072,-0.018994206562638283,0.023853139951825142,0.0,0.9998345971107483
188,,,,,,,,-1.6061091423034668,0.00011390625149942935,-0.007743156049400568,0.12108160555362701,1.6260440349578857,0.011633872985839844,58.0,0.19260293245315552,99.25,6.300730228424072,-0.03880133852362633,5.160887241363525,0.0,0.9995789527893066
189,,,,,,,,-1.6171976327896118,0.00017085937724914402,-0.0180406142026186,0.0958927795290947,1.5539250373840332,0.011269807815551758,61.0,0.1924951821565628,99.25,6.291141033172607,-0.02319282479584217,2.5833423137664795,0.0,0.9997808337211609
190,,,,,,,,-1.6146023273468018,3.3749998692655936e-05,0.004380954895168543,0.022145232185721397,1.5541160106658936,0.011440038681030273,61.0,0.19265036284923553,99.25,6.291141033172607,-0.01636355370283127,2.492302417755127,0.0,0.9995594024658203
191,,,,,,,,-1.610182285308838,5.062499985797331e-05,-0.029577691107988358,0.007065949961543083,1.5431642532348633,0.011169672012329102,61.0,0.1927393525838852,99.25,6.292238712310791,-0.02163340151309967,9.989449608838186e-05,0.0,0.9998269081115723
192,,,,,,,,-1.6090806722640991,1.4999999621068127e-05,-0.01616470143198967,0.5786068439483643,1.5352399349212646,0.011089086532592773,62.0,0.19271837174892426,99.25,6.292238712310791,-0.05823603644967079,3.3112146854400635,0.0,0.9995951652526855
193,,,,,,,,-1.6097509860992432,7.593750342493877e-05,-0.003244399558752775,0.006671045906841755,1.5455281734466553,0.01131582260131836,61.0,0.19269193708896637,99.25,6.301355838775635,-0.01894477941095829,0.002311536343768239,0.0,0.9997802376747131
194,,,,,,,,-1.612752914428711,2.2500000341096893e-05,-0.005818496458232403,0.185750350356102,1.5347099304199219,0.011188030242919922,62.0,0.19257311522960663,99.25,6.301355838775635,-0.03417576476931572,3.9154717922210693,0.0,0.9995607733726501
195,,,,,,,,-1.6166317462921143,7.593750342493877e-05,-0.02360643446445465,0.0024898697156459093,1.5456950664520264,0.01124119758605957,61.0,0.19247505068778992,99.25,6.308078765869141,-0.007699018809944391,1.0150278484388764e-07,0.0,0.9998245239257812
196,,,,,,,,-1.6194590330123901,0.00011390625149942935,-0.02121170423924923,0.09162909537553787,1.5346710681915283,0.011097908020019531,62.0,0.19242379069328308,99.25,6.274301052093506,-0.0427636057138443,5.043369293212891,0.0,0.9996774196624756
197,,,,,,,,-1.6190863847732544,3.3749998692655936e-05,-0.023510154336690903,0.007784566376358271,1.536362886428833,0.011126995086669922,62.0,0.19253210723400116,99.25,6.272403717041016,-0.020662948489189148,3.22702339872194e-06,0.0,0.9997184872627258
198,,,,,,,,-1.6130348443984985,3.3749998692655936e-05,-0.023351967334747314,0.4890870153903961,1.5454459190368652,0.011301040649414062,61.0,0.19272981584072113,99.25,6.272403717041016,-0.048408593982458115,3.348040819168091,0.0,0.9995871186256409
199,,,,,,,,-1.608626365661621,9.999999747378752e-06,-0.018655236810445786,0.0034291043411940336,1.5498528480529785,0.010862112045288086,61.0,0.19272397458553314,99.25,6.272244453430176,-0.0074644535779953,5.260512581095611e-10,0.0,0.999772846698761
200,,,,,,,,-1.6099038124084473,5.062499985797331e-05,-0.014264286495745182,0.010730598121881485,1.5304009914398193,0.01112818717956543,62.0,0.19266414642333984,99.25,6.272151947021484,-0.03808388113975525,2.327544689178467,0.0,0.9997188448905945
201,,,,,,,,-1.611346960067749,9.999999747378752e-06,-0.02998705767095089,0.0689309760928154,1.545039176940918,0.011850118637084961,61.0,0.1926521509885788,99.25,6.276236057281494,-0.012170338071882725,1.384109616279602,0.0,0.9996744990348816
202,,,,,,,,-1.612255334854126,2.2500000341096893e-05,-0.015024324879050255,0.05484027415513992,1.5456509590148926,0.011044025421142578,61.0,0.19258074462413788,99.25,6.24208927154541,-0.0651918426156044,4.739551544189453,0.0,0.9996678233146667
203,,,,,,,,-1.6196385622024536,0.00011390625149942935,-0.014848866499960423,0.003064128803089261,1.5406930446624756,0.010861873626708984,61.0,0.19210393726825714,99.25,6.235154628753662,-0.007417231798171997,4.9161122221696996e-12,0.0,0.9996975064277649
204,,,,,,,,-1.6390286684036255,9.999999747378752e-06,-0.02373582124710083,0.02768932655453682,1.5443651676177979,0.011029958724975586,61.0,0.19182682037353516,99.25,6.210752010345459,-0.04710894823074341,2.575424909591675,0.0,0.9997506141662598
205,,,,,,,,-1.6425915956497192,2.2500000341096893e-05,-0.01999640464782715,0.010315402410924435,1.5366809368133545,0.010872840881347656,62.0,0.1917715072631836,99.25,6.210853099822998,-0.055894989520311356,2.3207132816314697,0.0,0.9996292591094971
206,,,,,,,,-1.645720362663269,1.4999999621068127e-05,-0.022709166631102562,0.027907826006412506,1.5399889945983887,0.011082887649536133,61.0,0.19167613983154297,99.25,6.202524185180664,-0.05959879234433174,2.6143226623535156,0.0,0.9997336864471436
207,,,,,,,,-1.6483739614486694,5.062499985797331e-05,-0.02035962976515293,0.012813962996006012,1.581094741821289,0.011221170425415039,60.0,0.19161337614059448,99.25,6.202524185180664,-0.015319491736590862,2.5702707767486572,0.0,0.9996356964111328
208,,,,,,,,-1.6497167348861694,9.999999747378752e-06,-0.030486593022942543,0.01531657762825489,1.5506560802459717,0.011203765869140625,61.0,0.1916111707687378,99.25,6.199382781982422,-0.06999826431274414,2.2201988697052,0.0,0.9997930526733398
209,,,,,,,,-1.6489393711090088,5.062499985797331e-05,-0.01424334105104208,0.015353323891758919,1.5366482734680176,0.011445045471191406,62.0,0.19165688753128052,99.25,6.198873519897461,-0.07665026187896729,2.536318778991699,0.0,0.9995891451835632
210,,,,,,,,-1.64838445186615,5.062499985797331e-05,-0.01996573619544506,0.781816303730011,1.5433440208435059,0.011157035827636719,61.0,0.1916019320487976,99.25,6.201781272888184,-0.10838362574577332,0.705752432346344,0.0,0.9997525811195374
211,,,,,,,,-1.6513385772705078,5.062499985797331e-05,-0.02633398398756981,0.2847825288772583,1.5402820110321045,0.0117340087890625,61.0,0.19156049191951752,99.25,6.201781272888184,-0.04830582067370415,1.0367306470870972,0.0,0.9995777010917664
212,,,,,,,,-1.6513595581054688,1.4999999621068127e-05,-0.022451449185609818,0.01226820982992649,1.5382823944091797,0.01174783706665039,61.0,0.19161267578601837,99.25,6.192488670349121,-0.02961912751197815,0.026432611048221588,0.0,0.9998225569725037
213,,,,,,,,-1.6497441530227661,2.2500000341096893e-05,-0.017461730167269707,0.3496563136577606,1.5260920524597168,0.011195898056030273,62.0,0.19164153933525085,99.25,6.192488670349121,-0.02281707525253296,5.245077133178711,0.0,0.9995729327201843
214,,,,,,,,-1.6498920917510986,2.2500000341096893e-05,-0.030860694125294685,0.05062687769532204,1.541327953338623,0.010835886001586914,61.0,0.19159382581710815,99.25,6.1288580894470215,-0.08102330565452576,2.5672690868377686,0.0,0.9997708201408386
215,,,,,,,,-1.6512008905410767,5.062499985797331e-05,-0.020679831504821777,0.013451729901134968,1.7876670360565186,0.03324413299560547,52.0,0.19162382185459137,99.25,6.1288580894470215,-0.07965151965618134,2.291559934616089,0.0,0.9995208382606506
216,,,,,,,,-1.6488819122314453,1.4999999621068127e-05,-0.029435889795422554,0.0038721300661563873,1.689903736114502,0.01167917251586914,56.0,0.1916862279176712,99.25,6.145020008087158,-0.023809120059013367,9.669639985077083e-05,0.0,0.9998117089271545
217,,,,,,,,-1.6483697891235352,3.3749998692655936e-05,-0.013349884189665318,0.04742976650595665,1.5611402988433838,0.012109756469726562,61.0,0.19162753224372864,99.25,6.145020008087158,-0.11929422616958618,4.867439270019531,0.0,0.9996030330657959
218,,,,,,,,-1.6506268978118896,7.593750342493877e-05,-0.025138627737760544,0.007613710127770901,1.5600111484527588,0.011072874069213867,61.0,0.19155338406562805,99.25,6.151412010192871,-0.025588830932974815,0.002527489559724927,0.0,0.9997622966766357
219,,,,,,,,-1.653335690498352,3.3749998692655936e-05,-0.010891925543546677,0.01732766069471836,1.5437469482421875,0.012056112289428711,61.0,0.19148197770118713,99.25,6.151412010192871,-0.07391906529664993,4.764259338378906,0.0,0.999547004699707
220,,,,,,,,-1.6566210985183716,7.593750342493877e-05,-0.015263928100466728,0.0018179003382101655,1.5739052295684814,0.011589765548706055,60.0,0.1913430392742157,99.25,6.1432204246521,-0.009010902605950832,1.5217652560295392e-07,0.0,0.9998018145561218
221,,,,,,,,-1.662175178527832,5.062499985797331e-05,-0.028805512934923172,0.056550007313489914,1.5372748374938965,0.011057138442993164,62.0,0.191171333193779,99.25,6.147025108337402,-0.07142453640699387,4.649585723876953,0.0,0.999656617641449
222,,,,,,,,-1.6688528060913086,5.062499985797331e-05,-0.024507662281394005,0.004944663494825363,1.540785312652588,0.011699914932250977,61.0,0.19099858403205872,99.25,6.144977569580078,-0.020627083256840706,2.7304104150971398e-06,0.0,0.9996941685676575
223,,,,,,,,-1.672922968864441,1.4999999621068127e-05,-0.015621497295796871,0.3056049048900604,1.5382251739501953,0.011334896087646484,61.0,0.19098441302776337,99.25,6.144977569580078,-0.05570240318775177,3.5530192852020264,0.0,0.999535083770752
224,,,,,,,,-1.6736490726470947,7.593750342493877e-05,-0.012860013172030449,0.004507016856223345,1.5413532257080078,0.010815858840942383,61.0,0.19093379378318787,99.25,6.132513523101807,-0.0064903548918664455,5.812747505551386e-10,0.0,0.9997121691703796
225,,,,,,,,-1.6774142980575562,1.4999999621068127e-05,0.0004845356452278793,0.022881627082824707,1.538012981414795,0.010970115661621094,61.0,0.19083893299102783,99.25,6.132417678833008,-0.1151784136891365,2.5373589992523193,0.0,0.9996397495269775
226,,,,,,,,-1.6795488595962524,3.3749998692655936e-05,-0.02605864219367504,0.19673508405685425,1.5416450500488281,0.012539863586425781,61.0,0.19080956280231476,99.25,6.1379289627075195,-0.04056469723582268,0.5324681401252747,0.0,0.9995772838592529
227,,,,,,,,-1.6824685335159302,3.3749998692655936e-05,-0.025862254202365875,0.03761093318462372,1.544126033782959,0.011071205139160156,61.0,0.1906743347644806,99.25,6.106176376342773,-0.1130841001868248,5.035436630249023,0.0,0.9995999336242676
228,,,,,,,,-1.6855871677398682,5.062499985797331e-05,-0.015178794041275978,0.004639308899641037,1.5483157634735107,0.011228322982788086,61.0,0.19066788256168365,99.25,6.103091716766357,-0.00773291802033782,4.938148414485033e-12,0.0,0.9996253848075867
229,,,,,,,,-1.6862975358963013,1.4999999621068127e-05,-0.02736416831612587,0.018101826310157776,1.548527717590332,0.01087331771850586,61.0,0.1906442642211914,99.25,6.071051120758057,-0.055293306708335876,2.6467201709747314,0.0,0.9997190833091736
230,,,,,,,,-1.6870750188827515,7.593750342493877e-05,-0.01606350764632225,0.01747913286089897,1.5356431007385254,0.011052131652832031,62.0,0.19061656296253204,99.25,6.106446743011475,-0.05352316424250603,2.649430274963379,0.0,0.999621570110321
231,,,,,,,,-1.6893961429595947,1.4999999621068127e-05,-0.026146462187170982,0.17551857233047485,1.5453319549560547,0.011336803436279297,61.0,0.1905396282672882,99.25,6.1045002937316895,-0.06530872732400894,1.2983139753341675,0.0,0.9997197985649109
232,,,,,,,,-1.693740725517273,0.00011390625149942935,-0.011765589937567711,0.00751182995736599,1.5387241840362549,0.011460065841674805,61.0,0.19022655487060547,99.25,6.1045002937316895,-0.037711001932621,2.5048367977142334,0.0,0.9996455311775208
233,,,,,,,,-1.7107245922088623,9.999999747378752e-06,-0.018178289756178856,0.012322913855314255,1.6135430335998535,0.011212825775146484,59.0,0.18987324833869934,99.25,6.122877597808838,-0.06931868940591812,2.4857101440429688,0.0,0.9997617602348328
234,,,,,,,,-1.7163331508636475,0.0002562890585977584,-0.00784676056355238,0.01723307929933071,1.54616117477417,0.0114288330078125,61.0,0.18976160883903503,99.25,6.1076812744140625,-0.07222656160593033,2.6212494373321533,0.0,0.999539852142334
235,,,,,,,,-1.721339225769043,2.2500000341096893e-05,-0.031840234994888306,0.015966733917593956,1.561028003692627,0.011198997497558594,61.0,0.18966728448867798,99.25,6.121272563934326,-0.06686164438724518,2.655442476272583,0.0,0.9997758269309998
236,,,,,,,,-1.7224479913711548,1.4999999621068127e-05,-0.0037527300883084536,0.008009650744497776,1.5757088661193848,0.011976957321166992,60.0,0.1896418035030365,99.25,6.121272563934326,-0.05200064182281494,2.5990869998931885,0.0,0.9996058344841003
237,,,,,,,,-1.7235333919525146,7.593750342493877e-05,-0.019152328372001648,0.01551967952400446,1.5441350936889648,0.011300802230834961,61.0,0.1896040439605713,99.25,6.134166240692139,-0.03018626570701599,0.027328724041581154,0.0,0.9998524188995361
238,,,,,,,,-1.7240550518035889,9.999999747378752e-06,-0.022703688591718674,0.019220802932977676,1.5500831604003906,0.011530876159667969,61.0,0.18961496651172638,99.25,6.134166240692139,-0.052450891584157944,4.270456314086914,0.0,0.9995896220207214
239,,,,,,,,-1.7230674028396606,0.00011390625149942935,-0.008468644693493843,0.026288596913218498,1.5406501293182373,0.01137995719909668,61.0,0.18966470658779144,99.25,6.134428024291992,-0.06090596318244934,2.438553810119629,0.0,0.9997848868370056
240,,,,,,,,-1.7200284004211426,5.062499985797331e-05,-0.026454776525497437,0.020138360559940338,1.5360870361328125,0.01119685173034668,62.0,0.18974454700946808,99.25,6.134428024291992,-0.03769809380173683,2.6911184787750244,0.0,0.9994989037513733
241,,,,,,,,-1.719086766242981,1.4999999621068127e-05,-0.03669257462024689,0.004446072969585657,1.5439600944519043,0.011371850967407227,61.0,0.18972018361091614,99.25,6.124855041503906,-0.021917015314102173,0.00011494161299197003,0.0,0.9997727870941162
242,,,,,,,,-1.7213852405548096,7.593750342493877e-05,-0.011109862476587296,0.09124679118394852,1.5274240970611572,0.01166081428527832,62.0,0.1895861029624939,99.25,6.124855041503906,-0.07293791323900223,3.7913219928741455,0.0,0.9996006488800049
243,,,,,,,,-1.7299917936325073,2.2500000341096893e-05,-0.019062941893935204,0.010805748403072357,1.5372180938720703,0.011119842529296875,62.0,0.1892961710691452,99.25,6.1522650718688965,-0.03555925190448761,0.0025772415101528168,0.0,0.9997414946556091
244,,,,,,,,-1.7375104427337646,2.2500000341096893e-05,-0.02071554958820343,0.02573525533080101,1.5399169921875,0.011400938034057617,61.0,0.18915949761867523,99.25,6.1522650718688965,-0.08296576142311096,4.95527458190918,0.0,0.9994956851005554
245,,,,,,,,-1.7420734167099,2.2500000341096893e-05,-0.025158030912280083,0.0021329401060938835,1.5504748821258545,0.011243104934692383,61.0,0.1890634447336197,99.25,6.130884647369385,-0.007899750955402851,1.1318223158696128e-07,0.0,0.9997584819793701
246,,,,,,,,-1.7447264194488525,5.062499985797331e-05,-0.02198907732963562,0.020790526643395424,1.5325679779052734,0.010959148406982422,62.0,0.1890307515859604,99.25,6.1239824295043945,-0.20851737260818481,4.625058650970459,0.0,0.9996758103370667
247,,,,,,,,-1.7430055141448975,5.062499985797331e-05,-0.021691562607884407,0.00644872197881341,1.5429918766021729,0.010908365249633789,61.0,0.18918442726135254,99.25,6.1193108558654785,-0.02353741228580475,2.8213473797222832e-06,0.0,0.9997158646583557
248,,,,,,,,-1.737861156463623,9.999999747378752e-06,-0.02948908694088459,0.027393585070967674,1.5409090518951416,0.011261940002441406,61.0,0.1892603188753128,99.25,6.1193108558654785,-0.13766975700855255,4.8266425132751465,0.0,0.9996094703674316
249,,,,,,,,-1.7367676496505737,5.062499985797331e-05,-0.015459510497748852,0.0012340917019173503,1.5441815853118896,0.01112222671508789,61.0,0.1892465502023697,99.25,6.112236976623535,-0.007125975098460913,6.919325667986698e-10,0.0,0.9997472763061523
250,,,,,,,,-1.7386279106140137,2.2500000341096893e-05,-0.010363684967160225,0.03744405880570412,1.5308170318603516,0.011281251907348633,62.0,0.18919222056865692,99.25,6.1048712730407715,-0.115397147834301,2.6357295513153076,0.0,0.9997087121009827
251,,,,,,,,-1.7398722171783447,7.593750342493877e-05,-0.02226380631327629,0.19602914154529572,1.5364489555358887,0.011157035827636719,62.0,0.18918021023273468,99.25,6.096677780151367,-0.1018841341137886,0.829758882522583,0.0,0.9996657967567444
252,,,,,,,,-1.7412456274032593,1.4999999621068127e-05,-0.03381369635462761,0.04732861369848251,1.5447628498077393,0.010937213897705078,61.0,0.18913118541240692,99.25,6.112428665161133,-0.10513987392187119,5.030778408050537,0.0,0.9996699690818787
253,,,,,,,,-1.7430003881454468,0.00011390625149942935,-0.014492582529783249,0.0026567201130092144,1.5414798259735107,0.011408090591430664,61.0,0.18901671469211578,99.25,6.1121320724487305,-0.007455372717231512,5.1166427865456665e-12,0.0,0.999706506729126
254,,,,,,,,-1.7505757808685303,9.999999747378752e-06,0.00566839287057519,0.02253962866961956,1.7506687641143799,0.013700246810913086,54.0,0.1888236701488495,99.25,6.0760416984558105,-0.12552674114704132,2.1662824153900146,0.0,0.9997725486755371
255,,,,,,,,-1.7554166316986084,0.00017085937724914402,-0.013077410869300365,0.047696635127067566,1.534329891204834,0.011312007904052734,62.0,0.188534215092659,99.25,6.077678680419922,-0.07303876429796219,1.5739468336105347,0.0,0.9996245503425598
